---- FIX 2.5.0 RELEASE SCRIPT ------------------

--#################################################################################
-- Bring back PI/TARGET from FIX_2_4_0_B
--#################################################################################

######################
## PI         ########
######################

-- NOTE  These will be different for Hera and Zeus raw devices!!
create tablespace pi_data datafile '/u03/oradata/dev5/pi_data_01.dbf' size 500m reuse
autoextend on next 102400k maxsize 8192000k;

create tablespace pi_indx datafile '/u03/oradata/dev5/pi_indx_01.dbf' size 250m reuse
autoextend on next 102400k maxsize 8192000k;

create user pi identified by values 'disabled' account lock default tablespace pi_data
temporary tablespace temp2 quota unlimited on pi_data quota unlimited on pi_indx;

grant create session to pi;


CREATE TABLE PI.PARTNERS (
	PARTNER_ID       VARCHAR2(32)    NOT NULL, 
 	PARTNER_NAME     VARCHAR2(100)   NOT NULL, 
        ORIGIN_ID        VARCHAR2(10)    NOT NULL, 
        ACTIVE_FLAG      VARCHAR2(1)         DEFAULT 'N' NOT NULL, 
    CONSTRAINT PARTNERS_CK1  CHECK(ACTIVE_FLAG IN('Y','N')), 
    CONSTRAINT PARTNERS_PK PRIMARY KEY(PARTNER_ID) 
            USING INDEX  TABLESPACE PI_INDX)
 TABLESPACE PI_DATA;
 
COMMENT ON TABLE PI.PARTNERS IS 'Contains a record for each partner configured in the PI application';
COMMENT ON COLUMN PI.PARTNERS.PARTNER_ID IS 'Unique identifier';
COMMENT ON COLUMN PI.PARTNERS.PARTNER_NAME IS 'Business name of the partner';
COMMENT ON COLUMN PI.PARTNERS.ORIGIN_ID IS 'FK to FTD_APPS.origins.origin_id';
     
CREATE UNIQUE INDEX PI.PARTNERS_UK1 ON PI.PARTNERS  (ORIGIN_ID)  
     TABLESPACE PI_INDX;

grant references on ftd_apps.origins to pi;
    
ALTER TABLE PI.PARTNERS 
    ADD (CONSTRAINT PARTNERS_FK1 FOREIGN KEY(ORIGIN_ID) 
    REFERENCES FTD_APPS.ORIGINS(ORIGIN_ID));


CREATE TABLE PI.PARTNER_PROPERTIES 
    (PARTNER_ID         VARCHAR2(32)   NOT NULL, 
     PROPERTY_NAME      VARCHAR2(100)  NOT NULL, 
     PROPERTY_VALUE     VARCHAR2(4000) NOT NULL,
     VALIDATION_REGEX   VARCHAR2(4000), 
  CONSTRAINT PARTNER_PROPERTIES_PARTNER_FK1 FOREIGN KEY(PARTNER_ID) REFERENCES PI.PARTNERS(PARTNER_ID), 
  CONSTRAINT PARTNER_PROPERTIES_PK PRIMARY KEY(PARTNER_ID, PROPERTY_NAME) 
    USING INDEX TABLESPACE PI_INDX)
  TABLESPACE PI_DATA;

CREATE INDEX PI.PARTNER_PROPERTIES_N1 ON PI.PARTNER_PROPERTIES(PARTNER_ID)  TABLESPACE PI_INDX;

COMMENT ON TABLE PI.PARTNER_PROPERTIES IS 'Properties that are unique to a partner.';
COMMENT ON COLUMN PI.PARTNER_PROPERTIES.PARTNER_ID IS 'From pi.partners.partner_id';
COMMENT ON COLUMN PI.PARTNER_PROPERTIES.PROPERTY_NAME IS 'Name of property';
COMMENT ON COLUMN PI.PARTNER_PROPERTIES.PROPERTY_VALUE IS 'Value of property';
COMMENT ON COLUMN PI.PARTNER_PROPERTIES.VALIDATION_REGEX IS 'Regular expression used for html validation';



CREATE TABLE PI.INBOUND_DOCUMENTS 
    (INBOUND_DOCUMENT_ID   NUMBER(22)        NOT NULL, 
     PARTNER_ID            VARCHAR2(32)      NOT NULL, 
     DOCUMENT_CODE         VARCHAR2(32)      NOT NULL, 
     STATUS_CODE           VARCHAR2(32)      NOT NULL, 
     CONTENTS_TXT          CLOB              NOT NULL, 
     ERROR_TXT             VARCHAR2(4000), 
     CREATED_ON            DATE              NOT NULL, 
     CREATED_BY            VARCHAR2(100)     NOT NULL, 
     UPDATED_ON            DATE, 
     UPDATED_BY            VARCHAR2(100), 
  CONSTRAINT INBOUND_DOCUMENTS_CHK1 CHECK(DOCUMENT_CODE IN('ORDER','CANCEL','REMITTANCE')), 
  CONSTRAINT INBOUND_DOCUMENTS_CHK2 CHECK(STATUS_CODE IN ('NEW','SPLIT','REPROCESS','ERROR')), 
  CONSTRAINT INBOUND_DOCUMENTS_PARTNER_FK1 FOREIGN KEY(PARTNER_ID) REFERENCES PI.PARTNERS(PARTNER_ID), 
  CONSTRAINT INBOUND_DOCUMENTS_PK PRIMARY KEY(INBOUND_DOCUMENT_ID) 
         USING INDEX  TABLESPACE PI_INDX)  
  TABLESPACE PI_DATA  
  LOB(CONTENTS_TXT) STORE AS INBOUND_DOCUMENTS_CONTEXT_LOB (TABLESPACE PI_DATA DISABLE STORAGE IN ROW NOCACHE) ;

CREATE INDEX PI.INBOUND_DOCUMENTS_N1 ON PI.INBOUND_DOCUMENTS(PARTNER_ID)  TABLESPACE PI_INDX;


COMMENT ON TABLE PI.INBOUND_DOCUMENTS IS 'Contains the transaciton documents received from partners.';
COMMENT ON COLUMN PI.INBOUND_DOCUMENTS.INBOUND_DOCUMENT_ID IS 'PRIMARY KEY FROM SEQUEUNCE PI.INBOUND_DOCUMENTS_SQ';
COMMENT ON COLUMN PI.INBOUND_DOCUMENTS.PARTNER_ID IS 'PARTNER_ID from PI.PARTNERS table';


     
CREATE TABLE PI.INBOUND_DOC_PROPERTIES 
    (INBOUND_DOCUMENT_ID      NUMBER(22)     NOT NULL, 
     PROPERTY_NAME            VARCHAR2(100)  NOT NULL, 
     PROPERTY_VALUE           VARCHAR2(4000) NOT NULL, 
  CONSTRAINT INBOUND_DOC_PROPERTIES_FK1 FOREIGN KEY(INBOUND_DOCUMENT_ID) REFERENCES PI.INBOUND_DOCUMENTS(INBOUND_DOCUMENT_ID), 
  CONSTRAINT INBOUND_DOC_PROPERTIES_PK PRIMARY KEY(INBOUND_DOCUMENT_ID, PROPERTY_NAME) 
      USING INDEX TABLESPACE PI_INDX)
  TABLESPACE PI_DATA;

CREATE INDEX PI.INBOUND_DOC_PROPERTIES_N1 ON PI.INBOUND_DOC_PROPERTIES(INBOUND_DOCUMENT_ID)  TABLESPACE PI_INDX;

COMMENT ON TABLE PI.INBOUND_DOC_PROPERTIES IS 'Records containing document properties that are specific to an specific partner.';
COMMENT ON COLUMN PI.INBOUND_DOC_PROPERTIES.INBOUND_DOCUMENT_ID IS 'FROM PI.INBOUND_DOCUMENTS';
COMMENT ON COLUMN PI.INBOUND_DOC_PROPERTIES.PROPERTY_NAME IS 'Name of property';
COMMENT ON COLUMN PI.INBOUND_DOC_PROPERTIES.PROPERTY_VALUE IS 'String value of property';



CREATE TABLE PI.INBOUND_MESSAGES 
    (INBOUND_MESSAGE_ID        NUMBER(22)    NOT NULL, 
     INBOUND_DOCUMENT_ID       NUMBER(22)    NOT NULL, 
     MESSAGE_CODE              VARCHAR2(32)  NOT NULL, 
     STATUS_CODE               VARCHAR2(32)  NOT NULL, 
     PARTNER_MESSAGE_TXT       CLOB          NOT NULL, 
     FTD_XML_TXT               CLOB, 
     ERROR_TXT                 VARCHAR2(4000), 
     CREATED_ON                DATE          NOT NULL, 
     CREATED_BY                VARCHAR2(100) NOT NULL, 
     UPDATED_ON                DATE, 
     UPDATED_BY                VARCHAR2(100),
  CONSTRAINT INBOUND_MESSAGES_CK1 CHECK(MESSAGE_CODE IN ('ORDER','CANCEL','REMITTANCE')), 
  CONSTRAINT INBOUND_MESSAGES_CK2 CHECK(STATUS_CODE IN ('NEW','MAPPED','SENT','REPROCESS','ERROR')), 
  CONSTRAINT INBOUND_MESSAGES_INBOUND__FK1 FOREIGN KEY(INBOUND_DOCUMENT_ID) REFERENCES PI.INBOUND_DOCUMENTS(INBOUND_DOCUMENT_ID), 
  CONSTRAINT INBOUND_MESSAGES_PK PRIMARY KEY(INBOUND_MESSAGE_ID) 
       USING INDEX  TABLESPACE PI_INDX )  
  TABLESPACE PI_DATA 
  LOB(PARTNER_MESSAGE_TXT) STORE AS INBOUND_MSGS_PRTNR_MSG_LOB (TABLESPACE PI_DATA DISABLE STORAGE IN ROW NOCACHE) 
  LOB(FTD_XML_TXT) STORE AS INBOUND_MSGS_FTD_XML_LOB (TABLESPACE PI_DATA ENABLE STORAGE IN ROW NOCACHE);




CREATE INDEX PI.INBOUND_MESSAGES_N1 ON PI.INBOUND_MESSAGES(INBOUND_DOCUMENT_ID)  TABLESPACE PI_INDX;

COMMENT ON TABLE PI.INBOUND_MESSAGES IS 'Individual transactional messages received from partners.';
COMMENT ON COLUMN PI.INBOUND_MESSAGES.INBOUND_MESSAGE_ID IS 'Primary key from sequence pi.inbound_messages_sq';
COMMENT ON COLUMN PI.INBOUND_MESSAGES.INBOUND_DOCUMENT_ID IS 'Parent record id from pi.inbound_documents';
COMMENT ON COLUMN PI.INBOUND_MESSAGES.MESSAGE_CODE IS 'Type of message.';
COMMENT ON COLUMN PI.INBOUND_MESSAGES.STATUS_CODE IS 'Processing status code.';
COMMENT ON COLUMN PI.INBOUND_MESSAGES.PARTNER_MESSAGE_TXT IS 'Text contents of the partner message.';
COMMENT ON COLUMN PI.INBOUND_MESSAGES.FTD_XML_TXT IS 'Partner message converted to FTD format.';
     
     
     
     
CREATE TABLE PI.INBOUND_MSG_PROPERTIES 
    (INBOUND_MESSAGE_ID      NUMBER(22)     NOT NULL, 
     PROPERTY_NAME           VARCHAR2(100)  NOT NULL, 
     PROPERTY_VALUE          VARCHAR2(4000) NOT NULL, 
  CONSTRAINT INBOUND_MSG_PROPERTIES_IN_FK1 FOREIGN KEY(INBOUND_MESSAGE_ID) REFERENCES PI.INBOUND_MESSAGES(INBOUND_MESSAGE_ID), 
  CONSTRAINT INBOUND_MSG_PROPERTIES_PK PRIMARY KEY(INBOUND_MESSAGE_ID, PROPERTY_NAME) 
    USING INDEX TABLESPACE PI_INDX)
  TABLESPACE PI_DATA;
  
CREATE INDEX PI.INBOUND_MSG_PROPERTIES_N1 ON PI.INBOUND_MSG_PROPERTIES(INBOUND_MESSAGE_ID)  TABLESPACE PI_INDX;
  
  
COMMENT ON TABLE  PI.INBOUND_MSG_PROPERTIES IS 'Records containing message properties that are specific to an specific partner.';
COMMENT ON COLUMN PI.INBOUND_MSG_PROPERTIES.INBOUND_MESSAGE_ID IS 'FROM PI.INBOUND_MESSAGES';
COMMENT ON COLUMN PI.INBOUND_MSG_PROPERTIES.PROPERTY_NAME IS 'Name of property';
COMMENT ON COLUMN PI.INBOUND_MSG_PROPERTIES.PROPERTY_VALUE IS 'String value of property';


CREATE TABLE PI.OUTBOUND_DOCUMENTS 
    (OUTBOUND_DOCUMENT_ID     NUMBER(22)     NOT NULL, 
     INBOUND_DOCUMENT_ID      NUMBER(22), 
     PARTNER_ID               VARCHAR2(32)   NOT NULL, 
     DOCUMENT_CODE            VARCHAR2(32)   NOT NULL, 
     STATUS_CODE              VARCHAR2(32)   NOT NULL, 
     CONTENTS_TXT             CLOB           NOT NULL, 
     ERROR_TXT                VARCHAR2(4000),
     CREATED_ON               DATE           NOT NULL, 
     CREATED_BY               VARCHAR2(100)  NOT NULL, 
     UPDATED_ON               DATE, 
     UPDATED_BY               VARCHAR2(100),  
  CONSTRAINT OUTBOUND_DOCUMENTS_CK1 CHECK(DOCUMENT_CODE IN('ORDER_ACK','CANCEL','CANCEL_ACK','SHIPMENT','INVENTORY')), 
  CONSTRAINT OUTBOUND_DOCUMENTS_CK2 CHECK(STATUS_CODE IN('NEW','SENT','REPROCESS','ERROR')), 
  CONSTRAINT OUTBOUND_DOCUMENTS_FK1 FOREIGN KEY(INBOUND_DOCUMENT_ID) REFERENCES PI.INBOUND_DOCUMENTS(INBOUND_DOCUMENT_ID), 
  CONSTRAINT OUTBOUND_DOCUMENTS_FK2 FOREIGN KEY(PARTNER_ID) REFERENCES PI.PARTNERS(PARTNER_ID), 
  CONSTRAINT OUTBOUND_DOCUMENTS_PK PRIMARY KEY(OUTBOUND_DOCUMENT_ID) 
     USING INDEX  TABLESPACE PI_INDX)  
  TABLESPACE PI_DATA 
  LOB(CONTENTS_TXT) STORE AS OUTBOUND_DOCUMENTS_CONTEXT_LOB (TABLESPACE PI_DATA DISABLE STORAGE IN ROW NOCACHE) ;


CREATE INDEX PI.OUTBOUND_DOCUMENTS_N1 ON PI.OUTBOUND_DOCUMENTS(DOCUMENT_CODE)   TABLESPACE PI_INDX;
CREATE INDEX PI.OUTBOUND_DOCUMENTS_N2 ON PI.OUTBOUND_DOCUMENTS(PARTNER_ID)     TABLESPACE PI_INDX;
CREATE INDEX PI.OUTBOUND_DOCUMENTS_N3 ON PI.OUTBOUND_DOCUMENTS(STATUS_CODE)     TABLESPACE PI_INDX;


COMMENT ON TABLE PI.OUTBOUND_DOCUMENTS IS 'Contains the transaciton documents being sent to partners.';
COMMENT ON COLUMN PI.OUTBOUND_DOCUMENTS.OUTBOUND_DOCUMENT_ID IS 'PRIMARY KEY FROM SEQUEUNCE PI.OUTBOUND_DOCUMENTS_SQ';
COMMENT ON COLUMN PI.OUTBOUND_DOCUMENTS.INBOUND_DOCUMENT_ID IS 'REFERENCED INBOUND DOCUMENT ID';
COMMENT ON COLUMN PI.OUTBOUND_DOCUMENTS.PARTNER_ID IS 'PARTNER_ID from PI.PARTNERS table';



CREATE TABLE PI.OUTBOUND_DOC_PROPERTIES 
    (OUTBOUND_DOCUMENT_ID   NUMBER(22)      NOT NULL, 
     PROPERTY_NAME          VARCHAR2(100)   NOT NULL, 
     PROPERTY_VALUE         VARCHAR2(4000)  NOT NULL, 
  CONSTRAINT OUTBOUND_DOC_PROPERTIES_PK PRIMARY KEY(OUTBOUND_DOCUMENT_ID, PROPERTY_NAME) 
    USING INDEX  TABLESPACE PI_INDX)
  TABLESPACE PI_DATA;
  
COMMENT ON TABLE PI.OUTBOUND_DOC_PROPERTIES IS 'Records containing document properties that are specific to an specific partner.';
COMMENT ON COLUMN PI.OUTBOUND_DOC_PROPERTIES.OUTBOUND_DOCUMENT_ID IS 'FROM PI.OUTBOUND_DOCUMENTS';
COMMENT ON COLUMN PI.OUTBOUND_DOC_PROPERTIES.PROPERTY_NAME IS 'Name of property';
COMMENT ON COLUMN PI.OUTBOUND_DOC_PROPERTIES.PROPERTY_VALUE IS 'String value of property';
     
     
     
CREATE TABLE PI.OUTBOUND_MESSAGES 
    (OUTBOUND_MESSAGE_ID    NUMBER(22)    NOT NULL, 
     OUTBOUND_DOCUMENT_ID   NUMBER(22), 
     INBOUND_MESSAGE_ID     NUMBER(22)    NULL, 
     PARTNER_ID             VARCHAR2(32), 
     MESSAGE_CODE           VARCHAR2(32)  NOT NULL, 
     STATUS_CODE            VARCHAR2(32)  NOT NULL, 
     ERROR_TXT              VARCHAR2(4000), 
     CREATED_ON             DATE          NOT NULL, 
     CREATED_BY             VARCHAR2(100) NOT NULL, 
     UPDATED_ON             DATE, 
     UPDATED_BY             VARCHAR2(100), 
  CONSTRAINT OUTBOUND_MESSAGES_CK1 CHECK(MESSAGE_CODE IN('ORDER_ACK','CANCEL','CANCEL_ACK','SHIPMENT','INVENTORY')),
  CONSTRAINT OUTBOUND_MESSAGES_CK2 CHECK(STATUS_CODE IN('NEW','BUILT','ERROR')), 
  CONSTRAINT OUTBOUND_MESSAGES_PARTNER_FK1 FOREIGN KEY(PARTNER_ID) REFERENCES PI.PARTNERS(PARTNER_ID), 
  CONSTRAINT OUTBOUND_MESSAGES_PARTNER_FK2 FOREIGN KEY(INBOUND_MESSAGE_ID) REFERENCES PI.INBOUND_MESSAGES(INBOUND_MESSAGE_ID), 
  CONSTRAINT OUTBOUND_MESSAGES_PARTNER_FK3 FOREIGN KEY(OUTBOUND_DOCUMENT_ID) REFERENCES PI.OUTBOUND_DOCUMENTS(OUTBOUND_DOCUMENT_ID), 
  CONSTRAINT OUTBOUND_MESSAGES_PK PRIMARY KEY(OUTBOUND_MESSAGE_ID) 
     USING INDEX TABLESPACE PI_INDX)
  TABLESPACE PI_DATA;

CREATE INDEX PI.OUTBOUND_MESSAGES_N1 ON PI.OUTBOUND_MESSAGES(PARTNER_ID)   TABLESPACE PI_INDX;
CREATE INDEX PI.OUTBOUND_MESSAGES_N2 ON PI.OUTBOUND_MESSAGES(INBOUND_MESSAGE_ID)   TABLESPACE PI_INDX;
CREATE INDEX PI.OUTBOUND_MESSAGES_N3 ON PI.OUTBOUND_MESSAGES(OUTBOUND_DOCUMENT_ID)   TABLESPACE PI_INDX;
    
COMMENT ON TABLE PI.OUTBOUND_MESSAGES IS 'Individual transactional messages received from partners.';
COMMENT ON COLUMN PI.OUTBOUND_MESSAGES.OUTBOUND_MESSAGE_ID IS 'Primary key from sequence pi.OUTBOUND_messages_sq';
COMMENT ON COLUMN PI.OUTBOUND_MESSAGES.OUTBOUND_DOCUMENT_ID IS 'Parent record id from pi.OUTBOUND_documents';
COMMENT ON COLUMN PI.OUTBOUND_MESSAGES.INBOUND_message_ID IS 'The referencing record id from pi.inbound_messages';
COMMENT ON COLUMN PI.OUTBOUND_MESSAGES.MESSAGE_CODE IS 'Type of message.';
COMMENT ON COLUMN PI.OUTBOUND_MESSAGES.STATUS_CODE IS 'Processing status code.';
     
     
     
CREATE TABLE PI.OUTBOUND_MSG_PROPERTIES 
    (OUTBOUND_MESSAGE_ID       NUMBER(22)      NOT NULL, 
     PROPERTY_NAME             VARCHAR2(100)   NOT NULL, 
     PROPERTY_VALUE            VARCHAR2(4000)  NOT NULL, 
  CONSTRAINT OUTBOUND_MSG_PROPERTIES_O_FK1 FOREIGN KEY(OUTBOUND_MESSAGE_ID) REFERENCES PI.OUTBOUND_MESSAGES(OUTBOUND_MESSAGE_ID), 
  CONSTRAINT OUTBOUND_MSG_PROPERTIES_PK PRIMARY KEY(OUTBOUND_MESSAGE_ID, PROPERTY_NAME) 
    USING INDEX  TABLESPACE PI_INDX)
  TABLESPACE PI_DATA;

CREATE INDEX PI.OUTBOUND_MSG_PROPERTIES_N1 ON PI.OUTBOUND_MSG_PROPERTIES(OUTBOUND_MESSAGE_ID) TABLESPACE PI_INDX;
  
COMMENT ON TABLE PI.OUTBOUND_MSG_PROPERTIES IS 'Records containing message properties that are specific to a specific partner.';
COMMENT ON COLUMN PI.OUTBOUND_MSG_PROPERTIES.OUTBOUND_MESSAGE_ID IS 'FROM PI.OUTBOUND_MESSAGES';
COMMENT ON COLUMN PI.OUTBOUND_MSG_PROPERTIES.PROPERTY_NAME IS 'Name of property';
COMMENT ON COLUMN PI.OUTBOUND_MSG_PROPERTIES.PROPERTY_VALUE IS 'String value of property';



CREATE TABLE PI.REPROCESS_MESSAGES 
    (REPROCESS_MESSAGE_ID      NUMBER(22)     NOT NULL, 
     QUEUE_NAME                VARCHAR2(100)  NOT NULL, 
     MESSAGE_TXT               VARCHAR2(4000) NOT NULL, 
     REPROCESS_DATETIME        DATE           NOT NULL, 
  CONSTRAINT REPROCESS_MESSAGES_PK PRIMARY KEY(REPROCESS_MESSAGE_ID) 
    USING INDEX TABLESPACE PI_INDX)
  TABLESPACE PI_DATA;
  
  
COMMENT ON TABLE PI.REPROCESS_MESSAGES IS 'This table holds records of messages that needs to be placed back on a JMS queue at a specified time.';
COMMENT ON COLUMN PI.REPROCESS_MESSAGES.REPROCESS_MESSAGE_ID IS 'Primary key from PI_REPROCESS_MESSAGE_SQ';
COMMENT ON COLUMN PI.REPROCESS_MESSAGES.QUEUE_NAME IS 'JMS queue to put message back out on.';
COMMENT ON COLUMN PI.REPROCESS_MESSAGES.MESSAGE_TXT IS 'Text that will be put in the message text area of the JMS message.';
COMMENT ON COLUMN PI.REPROCESS_MESSAGES.REPROCESS_DATETIME IS 'Time when the message should be reprocessed.';
     
     
CREATE TABLE PI.ORDER_XREF 
    (INBOUND_DOCUMENT_ID        NUMBER(22)    NOT NULL,
     INBOUND_MESSAGE_ID         NUMBER(22)    NOT NULL,
     INBOUND_MSG_DETAIL_ID      NUMBER(22)    NOT NULL,
     PARTNER_ID                 VARCHAR2(32)  NOT NULL,
     MASTER_ORDER_NUMBER        VARCHAR2(100),
     EXTERNAL_ORDER_NUMBER      VARCHAR2(20),
     PARTNER_DOCUMENT_ID        VARCHAR2(100),
     PARTNER_ORDER_NUMBER       VARCHAR2(100),
     PARTNER_LINE_NUMBER        VARCHAR2(100),
 CONSTRAINT ORDER_XREF_PK  PRIMARY KEY(INBOUND_DOCUMENT_ID, INBOUND_MESSAGE_ID, INBOUND_MSG_DETAIL_ID )
    USING INDEX TABLESPACE PI_INDX,
 CONSTRAINT ORDER_XREF_FK1 FOREIGN KEY(INBOUND_DOCUMENT_ID) REFERENCES PI.INBOUND_DOCUMENTS(INBOUND_DOCUMENT_ID),
 CONSTRAINT ORDER_XREF_FK2 FOREIGN KEY(PARTNER_ID) REFERENCES PI.PARTNERS(PARTNER_ID),
 CONSTRAINT ORDER_XREF_UK1 UNIQUE(EXTERNAL_ORDER_NUMBER) 
    USING INDEX  TABLESPACE PI_INDX)
 tablespace pi_data;
 
CREATE INDEX PI.ORDER_XREF_N1 ON PI.ORDER_XREF(INBOUND_DOCUMENT_ID) TABLESPACE PI_INDX;
CREATE INDEX PI.ORDER_XREF_N2 ON PI.ORDER_XREF(PARTNER_ID) TABLESPACE PI_INDX;
 
COMMENT ON TABLE PI.ORDER_XREF IS 'Cross reference table that pairs ftd orders with partner orders';
COMMENT ON COLUMN PI.ORDER_XREF.INBOUND_DOCUMENT_ID IS 'FROM PI_INBOUND_DOCUMENTS';
COMMENT ON COLUMN PI.ORDER_XREF.INBOUND_MESSAGE_ID IS 'FROM PI_INBOUND_MESSAGES';
COMMENT ON COLUMN PI.ORDER_XREF.INBOUND_MSG_DETAIL_ID IS 'FROM PI_INBOUND_MSG_DETAILS';
COMMENT ON COLUMN PI.ORDER_XREF.PARTNER_DOCUMENT_ID IS 'From incoming partner document';
COMMENT ON COLUMN PI.ORDER_XREF.PARTNER_ORDER_NUMBER IS 'From incoming partner document';
COMMENT ON COLUMN PI.ORDER_XREF.PARTNER_LINE_NUMBER IS 'From incoming partner document';



CREATE TABLE PI.PARTNER_SDS_ERROR 
    (PARTNER_ID        VARCHAR2(32)      NOT NULL, 
     ERROR_ID          DATE              NOT NULL, 
     SOURCE            VARCHAR2(32)      NOT NULL, 
     DISPOSITION       VARCHAR2(32)      NOT NULL, 
     ORDER_COMMENTS    VARCHAR2(4000), 
  CONSTRAINT PARTNER_SDS_ERROR_CK1 CHECK(SOURCE IN ('SDS','FEDEX')), 
  CONSTRAINT PARTNER_SDS_ERROR_CK2 CHECK(DISPOSITION IN ('REPROCESS','QUEUE','CANCEL_ORDER','INCREMENT_SHIP_DATE')), 
  CONSTRAINT PARTNER_SDS_ERROR_PARTNER_FK1 FOREIGN KEY(PARTNER_ID) REFERENCES PI.PARTNERS(PARTNER_ID), 
  CONSTRAINT PARTNER_SDS_ERROR_PK PRIMARY KEY(PARTNER_ID,ERROR_ID) 
    USING INDEX  TABLESPACE PI_INDX)
  TABLESPACE PI_DATA;
  
CREATE INDEX PI.PARTNER_SDS_ERROR_N1 ON PI.PARTNER_SDS_ERROR(PARTNER_ID) TABLESPACE PI_INDX;
    
COMMENT ON TABLE PI.PARTNER_SDS_ERROR IS 'Override record for the VENUS.SDS_ERROR table specific to a partner.';
COMMENT ON COLUMN PI.PARTNER_SDS_ERROR.PARTNER_ID IS 'FK to pi.partners.partner_id';
COMMENT ON COLUMN PI.PARTNER_SDS_ERROR.ERROR_ID IS 'Error code received from the SDS ship server.';
COMMENT ON COLUMN PI.PARTNER_SDS_ERROR.SOURCE IS 'Did the error originate from the SDS or FedEx ship server.';
COMMENT ON COLUMN PI.PARTNER_SDS_ERROR.DISPOSITION IS 'Code to indicate what type or processing should occure when this error is received.';
COMMENT ON COLUMN PI.PARTNER_SDS_ERROR.ORDER_COMMENTS IS 'Optional comments that will be appended to order comments.';


CREATE SEQUENCE PI.INBOUND_DOCUMENTS_SQ 
    START WITH 1  INCREMENT BY 1  MAXVALUE 1.0E28 NOCYCLE NOCACHE;
    
CREATE SEQUENCE PI.INBOUND_MESSAGES_SQ  
    START WITH 1  INCREMENT BY 1  MAXVALUE 1.0E28 NOCYCLE NOCACHE;
    
CREATE SEQUENCE PI.OUTBOUND_DOCUMENTS_SQ  
    START WITH 1  INCREMENT BY 1  MAXVALUE 1.0E28 NOCYCLE NOCACHE;
    
CREATE SEQUENCE PI.OUTBOUND_MESSAGES_SQ 
    START WITH 1  INCREMENT BY 1  MAXVALUE 1.0E28 NOCYCLE NOCACHE;

CREATE SEQUENCE PI.TARGET_EXT_ORD_NUM_SQ  
    START WITH 1  INCREMENT BY 1  MAXVALUE 1.0E28 NOCYCLE NOCACHE;

CREATE SEQUENCE PI.REPROCESS_MESSAGES_SQ  
    START WITH 1  INCREMENT BY 1  MAXVALUE 1.0E28 NOCYCLE NOCACHE;

grant execute on events.post_a_message_flex to pi;
grant execute on events.post_a_message_flex to clean;
grant select on ftd_apps.zip_code to pi;

CREATE TABLE PI.HARNESS_RECIP 
   (HARNESS_RECIP_ID      NUMBER(22)    NOT NULL, 
    RECIP_NAME_TXT        VARCHAR2(40), 
    RECIP_BUSINESS_TXT    VARCHAR2(40), 
    RECIP_ADDR1_TXT       VARCHAR2(40), 
    RECIP_ADDR2_TXT       VARCHAR2(40), 
    RECIP_ADDR3_TXT       VARCHAR2(40), 
    RECIP_CITY_TXT        VARCHAR2(40), 
    RECIP_STATE_TXT       VARCHAR2(40), 
    RECIP_POSTAL_TXT      VARCHAR2(40),
    RECIP_COUNTRY_CODE    VARCHAR2(3),
    RECIP_PHONE_TXT       VARCHAR2(40), 
    PARTNER_ID            VARCHAR2(10),
    CREATED_ON            DATE DEFAULT SYSDATE NOT NULL, 
    CREATED_BY            VARCHAR2(10 byte) NOT NULL, 
    UPDATED_ON            DATE DEFAULT SYSDATE NOT NULL, 
    UPDATED_BY            VARCHAR2(10 byte) NOT NULL, 
  CONSTRAINT HARNESS_RECIP_PK PRIMARY KEY(HARNESS_RECIP_ID) 
    USING INDEX TABLESPACE PI_INDX,
  CONSTRAINT harness_recip_fk1 FOREIGN KEY(partner_id) REFERENCES pi.partners(partner_id))
  TABLESPACE PI_DATA;

CREATE INDEX pi.harness_recip_n1 on pi.harness_recip (partner_id)    TABLESPACE pi_indx;

    
CREATE TABLE PI.HARNESS_PROPERTIES 
    (HARNESS_PROPERTIES_ID NUMBER(22),
     PARTNER_ID VARCHAR2(32), 
     PROPERTY_NAME VARCHAR2(100) NOT NULL, 
     PROPERTY_VALUE VARCHAR2(4000) NOT NULL, 
     VALIDATION_REGEX VARCHAR2(4000), 
   CONSTRAINT HARNESS_PROPERTIES_PK PRIMARY KEY (HARNESS_PROPERTIES_ID)
     USING INDEX TABLESPACE PI_INDX, 
   CONSTRAINT HARNESS_PROPERTIES_PARTNER_FK1 FOREIGN KEY (PARTNER_ID) REFERENCES PI.PARTNERS (PARTNER_ID))
   TABLESPACE PI_DATA;
CREATE INDEX PI.HARNESS_PROPERTIES_N1 on PI.harness_properties (partner_id)    TABLESPACE pi_indx;

alter table pi.harness_properties  add (CONSTRAINT harness_properties_UK1 UNIQUE(partner_id,property_name) 
    USING INDEX  TABLESPACE PI_INDX);



COMMENT ON TABLE pi.HARNESS_PROPERTIES IS   'Primary key (sequence).'; 
COMMENT ON COLUMN pi.HARNESS_PROPERTIES.HARNESS_PROPERTIES_ID IS 'Properties that are unique to a partner.'; 
COMMENT ON COLUMN pi.HARNESS_PROPERTIES.PARTNER_ID IS   'From pi.partners.partner_id'; 
COMMENT ON COLUMN pi.HARNESS_PROPERTIES.PROPERTY_NAME IS 'Name of property'; 
COMMENT ON COLUMN pi.HARNESS_PROPERTIES.PROPERTY_VALUE IS 'Value of property'; 
COMMENT ON COLUMN pi.HARNESS_PROPERTIES.VALIDATION_REGEX IS   'Regular expression used for html validation';
    

CREATE SEQUENCE PI.HARNESS_PROPERTIES_SQ  
    START WITH 1  INCREMENT BY 1  MAXVALUE 1.0E28 NOCYCLE NOCACHE;

CREATE SEQUENCE PI.HARNESS_RECIP_SQ  
    START WITH 1  INCREMENT BY 1  MAXVALUE 1.0E28 NOCYCLE NOCACHE;



CREATE TABLE PI.INBOUND_MSG_DETAIL 
    (INBOUND_MSG_DETAIL_ID      NUMBER(22)    NOT NULL,
     INBOUND_MESSAGE_ID         NUMBER(22)    NOT NULL,
     CREATED_ON                 DATE          NOT NULL,
     CREATED_BY                 VARCHAR2(100) NOT NULL,
     UPDATED_ON                 DATE,
     UPDATED_BY                 VARCHAR2(100),
  CONSTRAINT INBOUND_MSG_DETAIL_PK PRIMARY KEY(INBOUND_MSG_DETAIL_ID)
       USING INDEX TABLESPACE PI_INDX, 
  CONSTRAINT INBOUND_MSG_DETAIL_INBOUND_FK1 FOREIGN KEY(INBOUND_MESSAGE_ID) REFERENCES PI.INBOUND_MESSAGES(INBOUND_MESSAGE_ID))
  TABLESPACE PI_DATA;

CREATE INDEX PI.INBOUND_MSG_DETAIL_N1 on PI.inbound_msg_detail (inbound_message_id)    TABLESPACE pi_indx;


COMMENT ON TABLE PI.INBOUND_MSG_DETAIL IS 'Individual transactional message detail received from partners.';
COMMENT ON COLUMN PI.INBOUND_MSG_DETAIL.INBOUND_MSG_DETAIL_ID IS 'Primary key from sequence pi.INBOUND_MSG_DETAIL_SQ';
COMMENT ON COLUMN PI.INBOUND_MSG_DETAIL.INBOUND_MESSAGE_ID IS 'Parent record id from pi.inbound_messages';


CREATE TABLE PI.INBOUND_MSG_DETAIL_PROPERTIES 
    (INBOUND_MSG_DETAIL_ID      NUMBER(22)     NOT NULL, 
     PROPERTY_NAME              VARCHAR2(100)  NOT NULL,
     PROPERTY_VALUE             VARCHAR2(4000) NOT NULL,
  CONSTRAINT INBOUND_MSG_DTL_PROPERTIES_PK PRIMARY KEY(INBOUND_MSG_DETAIL_ID, PROPERTY_NAME) 
      USING INDEX TABLESPACE PI_INDX,
  CONSTRAINT INBOUND_MSG_DTL_PROPERTIES_FK1 FOREIGN KEY(INBOUND_MSG_DETAIL_ID) REFERENCES PI.INBOUND_MSG_DETAIL(INBOUND_MSG_DETAIL_ID))
  TABLESPACE PI_DATA;
     
CREATE INDEX PI.INBOUND_MSG_DTL_PROPERTIES_N1 on PI.INBOUND_MSG_DETAIL_PROPERTIES (INBOUND_MSG_DETAIL_ID) TABLESPACE pi_indx;

COMMENT ON TABLE PI.INBOUND_MSG_DETAIL_PROPERTIES IS 'Records containing message properties that are specific to an specific partner.'; 
COMMENT ON COLUMN PI.INBOUND_MSG_DETAIL_PROPERTIES.INBOUND_MSG_DETAIL_ID IS 'FROM PI.INBOUND_MSG_DETAIL';
COMMENT ON COLUMN PI.INBOUND_MSG_DETAIL_PROPERTIES.PROPERTY_NAME IS 'Name of property';
COMMENT ON COLUMN PI.INBOUND_MSG_DETAIL_PROPERTIES.PROPERTY_VALUE IS 'String value of property';


CREATE SEQUENCE PI.INBOUND_MSG_DETAIL_SQ  
    START WITH 1  INCREMENT BY 1  MAXVALUE 1.0E28 NOCYCLE NOCACHE;


grant select on ftd_apps.product_master to pi;
grant select on ftd_apps.product_subcodes to pi;
grant select on pi.partners to scrub;
grant select on pi.partner_properties to scrub;

INSERT INTO FRP.GLOBAL_PARMS (
GLOBAL_PARMS.CONTEXT, 
GLOBAL_PARMS.NAME, 
GLOBAL_PARMS.VALUE, 
GLOBAL_PARMS.CREATED_BY, 
GLOBAL_PARMS.CREATED_ON, 
GLOBAL_PARMS.UPDATED_BY, 
GLOBAL_PARMS.UPDATED_ON
) VALUES (
'OPS_ADMIN_CONFIG',
'pi_harness_url',
'http://zinc3.ftdi.com:7778/pi/showHarness.do',
'RLSE_2_4_0',
SYSDATE,
'RLSE_2_4_0',
SYSDATE);



CREATE TABLE PI.OUTBOUND_MSG_DETAIL 
   (OUTBOUND_MSG_DETAIL_ID       NUMBER(22) NOT NULL,
    OUTBOUND_MESSAGE_ID          NUMBER(22),
    INBOUND_MSG_DETAIL_ID        NUMBER(22),
    CREATED_ON                   DATE NOT NULL, 
    CREATED_BY                   VARCHAR2(100) NOT NULL, 
    UPDATED_ON                   DATE, 
    UPDATED_BY                   VARCHAR2(100),
  CONSTRAINT OUTBOUND_MSG_DETAIL_PK PRIMARY KEY(OUTBOUND_MSG_DETAIL_ID) 
    USING INDEX TABLESPACE PI_INDX, 
  CONSTRAINT OUTBOUND_MSG_DETAIL_FK1 FOREIGN KEY(OUTBOUND_MESSAGE_ID) REFERENCES PI.OUTBOUND_MESSAGES(OUTBOUND_MESSAGE_ID),
  CONSTRAINT OUTBOUND_MSG_DETAIL_FK2 FOREIGN KEY(INBOUND_MSG_DETAIL_ID) REFERENCES PI.INBOUND_MSG_DETAIL(INBOUND_MSG_DETAIL_ID))  
 TABLESPACE PI_DATA;

CREATE INDEX PI.OUTBOUND_MSG_DETAIL_N1 on PI.OUTBOUND_MSG_DETAIL (OUTBOUND_MESSAGE_ID) TABLESPACE pi_indx;
CREATE INDEX PI.OUTBOUND_MSG_DETAIL_N2 on PI.OUTBOUND_MSG_DETAIL (INBOUND_MSG_DETAIL_ID) TABLESPACE pi_indx;


COMMENT ON TABLE PI.OUTBOUND_MSG_DETAIL IS 'Individual transactional message detail being sent to the partner.';
COMMENT ON COLUMN PI.OUTBOUND_MSG_DETAIL.INBOUND_MSG_DETAIL_ID IS 'Primary key from sequence pi.OUTBOUND_MSG_DETAIL_SQ';
COMMENT ON COLUMN PI.OUTBOUND_MSG_DETAIL.OUTBOUND_MESSAGE_ID IS 'Parent record id from pi.outbound_messages';


CREATE SEQUENCE PI.OUTBOUND_MSG_DETAIL_SQ
    START WITH 1  INCREMENT BY 1  MAXVALUE 1.0E28 NOCYCLE NOCACHE;

CREATE TABLE PI.VARIANCES 
     (EXTERNAL_ORDER_NUMBER         VARCHAR2(20)   NOT NULL, 
      VARIANCE_TYPE                 VARCHAR2(32)   NOT NULL, 
      PARTNER_ID                    VARCHAR2(32)   NOT NULL,
      EXPECTED_VALUE                NUMBER(22,2)   NOT NULL, 
      ACTUAL_VALUE                  NUMBER(22,2)   NOT NULL,
      CREATED_ON                    DATE           NOT NULL, 
      CREATED_BY                    VARCHAR2(100)  NOT NULL, 
      UPDATED_ON                    DATE           NOT NULL, 
      UPDATED_BY                    VARCHAR2(100)  NOT NULL,
   CONSTRAINT VARIANCES_PK PRIMARY KEY(EXTERNAL_ORDER_NUMBER, VARIANCE_TYPE)
     USING INDEX TABLESPACE PI_INDX,
   CONSTRAINT VARIANCES_FK1 FOREIGN KEY(PARTNER_ID) REFERENCES PI.PARTNERS(PARTNER_ID),
   CONSTRAINT VARIANCES_CK1 CHECK(VARIANCE_TYPE IN('WHOLESALE_COST'))) 
  TABLESPACE PI_DATA;

CREATE INDEX PI.VARIANCES_N1 on PI.VARIANCES (PARTNER_ID) TABLESPACE pi_indx;




grant select on sitescope.pagers to pi;
grant execute on utl_smtp to pi;
grant execute on utl_tcp to pi;


######################
## END PI         ####
######################


######################
## TARGET     ########
######################

-- Defect 1809
ALTER TABLE ftd_apps.origins ADD (partner_report_flag VARCHAR2(1) DEFAULT 'N' NOT NULL
    CONSTRAINT ORIGINS_CK2 CHECK(partner_report_flag in ('Y','N')));

INSERT INTO FTD_APPS.ORIGINS (ORIGIN_ID, DESCRIPTION, ORIGIN_TYPE, ACTIVE, PARTNER_REPORT_FLAG) VALUES ('TARGI','Target internet orders','internet','Y','Y');
INSERT INTO PI.PARTNERS (PARTNER_ID, PARTNER_NAME, ACTIVE_FLAG, ORIGIN_ID) VALUES ('TARGET','Target','Y','TARGI');
-- End Defect 1809

UPDATE ftd_apps.origins
   SET partner_report_flag = 'Y'
 WHERE origin_id in ('AMZNI', 'TARGI', 'WLMTI', 'CAT', 'ARI');


insert into sitescope.projects (project,mailserver_name,description) values('TARGET_VARIANCE','mailserver.ftdi.com','Email dist gruop for PI target variance emails');
INSERT INTO SITESCOPE.PAGERS (PAGERS.PROJECT, PAGERS.PAGER_NUMBER) VALUES('TARGET_VARIANCE','target_price_variance@ftdi.com');


### Laura's backed out Target Changes ###

CREATE TABLE ftd_apps.partner_shipping_accounts (
    vendor_id        varchar2(5)     not null,
    carrier_id       varchar2(10)    not null,
    PARTNER_ID       VARCHAR2(32)    NOT NULL, 
    ACCOUNT_NUM      VARCHAR2(10), 
    validation_regex VARCHAR2(32), 
 CONSTRAINT partner_shipping_accounts_PK primary key (vendor_id,carrier_id,partner_id) 
            USING INDEX  TABLESPACE ftd_apps_INDX,
 CONSTRAINT partner_shipping_accounts_fk1 FOREIGN KEY(vendor_id) REFERENCES ftd_apps.vendor_master(vendor_ID), 
 CONSTRAINT partner_shipping_accounts_fk2 FOREIGN KEY(carrier_id) REFERENCES venus.carriers(carrier_id)) 
 TABLESPACE ftd_apps_DATA;           

CREATE INDEX ftd_apps.partner_shipping_accounts_n2 on ftd_apps.partner_shipping_accounts (carrier_id)    TABLESPACE ftd_apps_indx;
            
COMMENT ON TABLE ftd_apps.partner_shipping_accounts IS 'Stores the partner specific account number for each vendor.  Example: Target wants to control the shipping account number we use to ship packages for Target';
COMMENT ON COLUMN ftd_apps.partner_shipping_accounts.PARTNER_ID IS 'partner id WLMT (Walmart) or AMZNI (Amazon) is the origin id of the order';
COMMENT ON COLUMN ftd_apps.partner_shipping_accounts.validation_regex IS 'Regular expression used for html validation';


CREATE TABLE ftd_apps.default_shipping_accounts (
    carrier_id       varchar2(10)    not null,
    PARTNER_ID       VARCHAR2(32)    NOT NULL, 
    ACCOUNT_NUM      VARCHAR2(10), 
    validation_regex VARCHAR2(32), 
 CONSTRAINT default_shipping_accounts_PK primary key (carrier_id,partner_id) 
            USING INDEX  TABLESPACE ftd_apps_INDX,
 CONSTRAINT default_shipping_accounts_fk1 FOREIGN KEY(carrier_id) REFERENCES venus.carriers(carrier_id)) 
 TABLESPACE ftd_apps_DATA;           

CREATE INDEX ftd_apps.default_shipping_accounts_n1 on ftd_apps.default_shipping_accounts (carrier_id)    TABLESPACE ftd_apps_indx;
            
COMMENT ON TABLE ftd_apps.default_shipping_accounts IS 'These are the shipping accounts that will be automatically added when we add a vendor.';
COMMENT ON COLUMN ftd_apps.default_shipping_accounts.PARTNER_ID IS 'partner id WLMT (Walmart) or AMZNI (Amazon) is the origin id of the order';
COMMENT ON COLUMN ftd_apps.default_shipping_accounts.validation_regex IS 'Regular expression used for html validation';


grant references on pi.partners to ftd_apps;


CREATE TABLE ftd_apps.partner_products (
    product_subcode_id     varchar2(10)  not null,
    PARTNER_ID             VARCHAR2(32), 
    wholesale_price_amt    number(9,2), 
    available_flag         VARCHAR2(1) default 'N' not null, 
 CONSTRAINT partner_products_PK primary key (product_subcode_id,partner_id) 
            USING INDEX  TABLESPACE ftd_apps_INDX,
 CONSTRAINT partner_products_fk1 FOREIGN KEY(partner_id) REFERENCES pi.partners(partner_id)) 
 TABLESPACE ftd_apps_DATA;           

CREATE INDEX ftd_apps.partner_products_n1 on ftd_apps.partner_products (partner_id)    TABLESPACE ftd_apps_indx;
            
COMMENT ON COLUMN ftd_apps.partner_products.product_subcode_id IS 'can be the oroduct id or the subcode id ';

grant select on ftd_apps.partner_products to pi;     


######################
## END TARGET     ####
######################

####################################
## START TARGET REPORTS         ####
####################################


    
ALTER TABLE clean.vendor_jde_audit_log ADD (order_guid VARCHAR2(2000));
alter table clean.vendor_jde_audit_log add (CONSTRAINT VENDOR_JDE_AUDIT_LOG_FK3 FOREIGN KEY (ORDER_GUID) REFERENCES CLEAN.ORDERS(ORDER_GUID)); 
create index  clean.vendor_jde_audit_log_n4 on clean.vendor_jde_audit_log(order_guid) compute statistics;

    
update clean.vendor_jde_audit_log vj set order_guid = (select od.order_guid
from clean.order_details od where od.external_order_number = vj.external_order_number)
where vj.external_order_number is not null;    
 
SET DEFINE OFF

-- MKT04 Partner Orders by SKU
-- insert into rpt.report table for the MKT04_Partner_Orders_by_SKU report
Insert into RPT.REPORT (
	"REPORT_ID",
	"NAME",
	"DESCRIPTION",
	"REPORT_FILE_PREFIX",
	"REPORT_TYPE",
	"REPORT_OUTPUT_TYPE",
	"REPORT_CATEGORY",
	"SERVER_NAME",
	"HOLIDAY_INDICATOR",
	"STATUS",
	"CREATED_ON",
	"CREATED_BY",
	"UPDATED_ON",
	"UPDATED_BY",
	"ORACLE_RDF",
	"REPORT_DAYS_SPAN",
	"NOTES",
	"ACL_NAME",
	"RETENTION_DAYS",
	"RUN_TIME_OFFSET",
	"END_OF_DAY_REQUIRED",
	"SCHEDULE_DAY",
	"SCHEDULE_TYPE",
	"SCHEDULE_PARM_VALUE") 
values (
	100505,
	'Partner Orders by SKU Report',
	'The Partner Orders by SKU report is an ad-hoc summary report that can be executed for any order taken date or delivery date or ship date.  The report will show count of orders per product sku that are processed, printed or shipped for an origin and for a given time frame specified by the user.',
	'Partner_Orders_by_SKU',
	'U',
	'Char',
	'Acct',
	'http://apolloreports.ftdi.com/reports/rwservlet?', --'http://apollo.ftdi.com:7778/reports/rwservlet?'
	'Y',
	'Active',
	sysdate,
	'ddesai',
	sysdate,
	'ddesai',
	'MKT04_Partner_Orders_by_SKU.rdf',
	null,
	null,
	'AcctMktgReportAccess',
	10,
	120,
	'N',
	null,
	null,
	null);

-- insert into rpt.report_parm table for the MKT04_Partner_Orders_by_SKU report
Insert into RPT.REPORT_PARM (
	"REPORT_PARM_ID",
	"DISPLAY_NAME",
	"REPORT_PARM_TYPE",
	"ORACLE_PARM_NAME",
	"CREATED_ON",
	"CREATED_BY",
	"UPDATED_ON",
	"UPDATED_BY",
	"VALIDATION")
values (
	100506,
	'Run Date',
	'TE',
	'p_run_date',
	sysdate,
	'ddesai',
	sysdate,
	'ddesai',
	'SingleDate');
	
Insert into RPT.REPORT_PARM (
	"REPORT_PARM_ID",
	"DISPLAY_NAME",
	"REPORT_PARM_TYPE",
	"ORACLE_PARM_NAME",
	"CREATED_ON",
	"CREATED_BY",
	"UPDATED_ON",
	"UPDATED_BY",
	"VALIDATION")
values (
	100507,
	'Date Type',
	'R',
	'p_date_type',
	sysdate,
	'ddesai',
	sysdate,
	'ddesai',
	null);

Insert into RPT.REPORT_PARM (
	"REPORT_PARM_ID",
	"DISPLAY_NAME",
	"REPORT_PARM_TYPE",
	"ORACLE_PARM_NAME",
	"CREATED_ON",
	"CREATED_BY",
	"UPDATED_ON",
	"UPDATED_BY",
	"VALIDATION")
values (
	100508,
	'Origin ID',
	'S',
	'p_origin_id',
	sysdate,
	'ddesai',
	sysdate,
	'ddesai',
	null);
	
-- insert into rpt.report_parm_ref table for the MKT04_Partner_Orders_by_SKU report
Insert into RPT.REPORT_PARM_REF (
	"REPORT_PARM_ID",
	"REPORT_ID",
	"SORT_ORDER",
	"REQUIRED_INDICATOR",
	"CREATED_ON",
	"CREATED_BY",
	"ALLOW_FUTURE_DATE_IND") 
values (
	100506,
	100505,
	1,
	'Y',
	sysdate,
	'ddesai',
	'Y');
	
Insert into RPT.REPORT_PARM_REF (
	"REPORT_PARM_ID",
	"REPORT_ID",
	"SORT_ORDER",
	"REQUIRED_INDICATOR",
	"CREATED_ON",
	"CREATED_BY",
	"ALLOW_FUTURE_DATE_IND") 
values (
	100507,
	100505,
	2,
	'Y',
	sysdate,
	'ddesai',
	null);
	
Insert into RPT.REPORT_PARM_REF (
	"REPORT_PARM_ID",
	"REPORT_ID",
	"SORT_ORDER",
	"REQUIRED_INDICATOR",
	"CREATED_ON",
	"CREATED_BY",
	"ALLOW_FUTURE_DATE_IND") 
values (
	100508,
	100505,
	3,
	'Y',
	sysdate,
	'ddesai',
	null);

-- insert into rpt.report_parm_value table for the MKT04_Partner_Orders_by_SKU report
Insert into RPT.REPORT_PARM_VALUE (	
	"REPORT_PARM_VALUE_ID",
	"CREATED_ON",
	"CREATED_BY",
	"UPDATED_ON",
	"UPDATED_BY",
	"DISPLAY_TEXT",
	"DB_STATEMENT_ID",
	"DEFAULT_FORM_VALUE")
values (
	1005061,
	sysdate,
	'ddesai',
	sysdate,
	'ddesai',
	'SINGLE_DATE_TEMPLATE',
	null,
	0); 
	
Insert into RPT.REPORT_PARM_VALUE (	
	"REPORT_PARM_VALUE_ID",
	"CREATED_ON",
	"CREATED_BY",
	"UPDATED_ON",
	"UPDATED_BY",
	"DISPLAY_TEXT",
	"DB_STATEMENT_ID",
	"DEFAULT_FORM_VALUE")
values (
	1005071,
	sysdate,
	'ddesai',
	sysdate,
	'ddesai',
	'Order Taken',
	null,
	'O');
	
Insert into RPT.REPORT_PARM_VALUE (	
	"REPORT_PARM_VALUE_ID",
	"CREATED_ON",
	"CREATED_BY",
	"UPDATED_ON",
	"UPDATED_BY",
	"DISPLAY_TEXT",
	"DB_STATEMENT_ID",
	"DEFAULT_FORM_VALUE")
values (
	1005072,
	sysdate,
	'ddesai',
	sysdate,
	'ddesai',
	'Ship',
	null,
	'S');	
	
Insert into RPT.REPORT_PARM_VALUE (	
	"REPORT_PARM_VALUE_ID",
	"CREATED_ON",
	"CREATED_BY",
	"UPDATED_ON",
	"UPDATED_BY",
	"DISPLAY_TEXT",
	"DB_STATEMENT_ID",
	"DEFAULT_FORM_VALUE")
values (
	1005073,
	sysdate,
	'ddesai',
	sysdate,
	'ddesai',
	'Delivery', 
	null,
	'D');	
	
Insert into RPT.REPORT_PARM_VALUE (	
	"REPORT_PARM_VALUE_ID",
	"CREATED_ON",
	"CREATED_BY",
	"UPDATED_ON",
	"UPDATED_BY",
	"DISPLAY_TEXT",
	"DB_STATEMENT_ID",
	"DEFAULT_FORM_VALUE")
values (
	1005081,
	sysdate,
	'ddesai',
	sysdate,
	'ddesai',
	null,
	'GET_PARTNER_ORIGIN_ID', -- this is a new proc that needs to be created using ftd_apps.origins.partner_report_flag
	null);

-- insert into rpt.report_parm_value_ref table for the MKT04_Partner_Orders_by_SKU report
Insert into RPT.REPORT_PARM_VALUE_REF (
	"REPORT_PARM_ID",
	"REPORT_PARM_VALUE_ID",
	"SORT_ORDER",
	"CREATED_ON",
	"CREATED_BY")
values (
	100506,
	1005061,
	1,
	sysdate,
	'ddesai');
	
Insert into RPT.REPORT_PARM_VALUE_REF (
	"REPORT_PARM_ID",
	"REPORT_PARM_VALUE_ID",
	"SORT_ORDER",
	"CREATED_ON",
	"CREATED_BY")
values (
	100507,
	1005071,
	1,
	sysdate,
	'ddesai');
	
Insert into RPT.REPORT_PARM_VALUE_REF (
	"REPORT_PARM_ID",
	"REPORT_PARM_VALUE_ID",
	"SORT_ORDER",
	"CREATED_ON",
	"CREATED_BY")
values (
	100507,
	1005072,
	2,
	sysdate,
	'ddesai');
	
Insert into RPT.REPORT_PARM_VALUE_REF (
	"REPORT_PARM_ID",
	"REPORT_PARM_VALUE_ID",
	"SORT_ORDER",
	"CREATED_ON",
	"CREATED_BY")
values (
	100507,
	1005073,
	3,
	sysdate,
	'ddesai');	
	
Insert into RPT.REPORT_PARM_VALUE_REF (
	"REPORT_PARM_ID",
	"REPORT_PARM_VALUE_ID",
	"SORT_ORDER",
	"CREATED_ON",
	"CREATED_BY")
values (
	100508,
	1005081,
	1,
	sysdate,
	'ddesai');			
	
-- PDST Report Changes 
-- Include a new entry for "Daily Scheduled" version of PDST report for TARGET ONLY.
Insert into RPT.REPORT (
	"REPORT_ID",
	"NAME",
	"DESCRIPTION",
	"REPORT_FILE_PREFIX",
	"REPORT_TYPE",
	"REPORT_OUTPUT_TYPE",
	"REPORT_CATEGORY",
	"SERVER_NAME",
	"HOLIDAY_INDICATOR",
	"STATUS",
	"CREATED_ON",
	"CREATED_BY",
	"UPDATED_ON",
	"UPDATED_BY",
	"ORACLE_RDF",
	"REPORT_DAYS_SPAN",
	"NOTES",
	"ACL_NAME",
	"RETENTION_DAYS",
	"RUN_TIME_OFFSET",
	"END_OF_DAY_REQUIRED",
	"SCHEDULE_DAY",
	"SCHEDULE_TYPE",
	"SCHEDULE_PARM_VALUE") 
values (
	1008062,
	'PDST Report Target Only (Daily)',
	'This is a summary report showing all Target products that had sales activity for a given day.  The days are cumulative for the current month.  This report will run as part of End of Day reports processing.',
	'PDST_Report_Target_Daily',
	'S',
	'Char',
	'Merch',
	'http://apolloreports.ftdi.com/reports/rwservlet?', --'http://apollo.ftdi.com:7778/reports/rwservlet?'
	'Y',
	'Active',
	sysdate,
	'ddesai',
	sysdate,
	'ddesai',
	'MERAD06_PDST.rdf',
	null,
	null,
	'AcctMerchReportAccess',
	10,
	120,
	'Y',
	null,
	'D',
	'&p_origin_code=TARGI');
	
-- insert into rpt.report_parm_ref table for PDST report for the existing Origin ID parameter
Insert into RPT.REPORT_PARM_REF (
	"REPORT_PARM_ID",
	"REPORT_ID",
	"SORT_ORDER",
	"REQUIRED_INDICATOR",
	"CREATED_ON",
	"CREATED_BY",
	"ALLOW_FUTURE_DATE_IND") 
values (
	100201,
	100806,
	3,
	'Y',
	sysdate,
	'ddesai',
	null);

-- Target Price Variance Report
-- Include a new entry for ACC32_Target_Price_Variance - Target Price Variance ad-hoc report.
Insert into RPT.REPORT (
	"REPORT_ID",
	"NAME",
	"DESCRIPTION",
	"REPORT_FILE_PREFIX",
	"REPORT_TYPE",
	"REPORT_OUTPUT_TYPE",
	"REPORT_CATEGORY",
	"SERVER_NAME",
	"HOLIDAY_INDICATOR",
	"STATUS",
	"CREATED_ON",
	"CREATED_BY",
	"UPDATED_ON",
	"UPDATED_BY",
	"ORACLE_RDF",
	"REPORT_DAYS_SPAN",
	"NOTES",
	"ACL_NAME",
	"RETENTION_DAYS",
	"RUN_TIME_OFFSET",
	"END_OF_DAY_REQUIRED",
	"SCHEDULE_DAY",
	"SCHEDULE_TYPE",
	"SCHEDULE_PARM_VALUE") 
values (
	100232,
	'Target Price Variance Report',
	'This report will be used to identify differences between FTD.COM's expected price and the price received on order files from partners.',
	'Target_Price_Variance',
	'U',
	'Both',
	'Acct',
	'http://apolloreports.ftdi.com/reports/rwservlet?', --'http://apollo.ftdi.com:7778/reports/rwservlet?'
	'Y',
	'Active',
	sysdate,
	'ddesai',
	sysdate,
	'ddesai',
	'ACC32_Target_Price_Variance.rdf',
	31,
	Date range cannot exceed 31 days,
	'AcctMktgReportAccess',
	10,
	120,
	'Y',
	null,
	null,
	null);
	
-- Include a new entry for "Monthy Scheduled" version of ACC32_Target_Price_Variance.
Insert into RPT.REPORT (
	"REPORT_ID",
	"NAME",
	"DESCRIPTION",
	"REPORT_FILE_PREFIX",
	"REPORT_TYPE",
	"REPORT_OUTPUT_TYPE",
	"REPORT_CATEGORY",
	"SERVER_NAME",
	"HOLIDAY_INDICATOR",
	"STATUS",
	"CREATED_ON",
	"CREATED_BY",
	"UPDATED_ON",
	"UPDATED_BY",
	"ORACLE_RDF",
	"REPORT_DAYS_SPAN",
	"NOTES",
	"ACL_NAME",
	"RETENTION_DAYS",
	"RUN_TIME_OFFSET",
	"END_OF_DAY_REQUIRED",
	"SCHEDULE_DAY",
	"SCHEDULE_TYPE",
	"SCHEDULE_PARM_VALUE") 
values (
	1002321,
	'Target Price Variance Report (Monthly)',
	'This report will be used to identify differences between FTD.COM's expected price and the price received on order files from partners.',
	'Target_Price_Variance',
	'S',
	'Both',
	'Acct',
	'http://apolloreports.ftdi.com/reports/rwservlet?', --'http://apollo.ftdi.com:7778/reports/rwservlet?'
	'Y',
	'Active',
	sysdate,
	'ddesai',
	sysdate,
	'ddesai',
	'ACC32_Target_Price_Variance.rdf',
	null,
	null,
	'AcctMktgReportAccess',
	10,
	120,
	'Y',
	'01',
	'M',
	'&p_monthly_daily_ind=M&p_date_type=OB');	
	
-- insert into rpt.report_parm table for the ACC32_Target_Price_Variance report 
--Date Type parameter
Insert into RPT.REPORT_PARM (
	"REPORT_PARM_ID",
	"DISPLAY_NAME",
	"REPORT_PARM_TYPE",
	"ORACLE_PARM_NAME",
	"CREATED_ON",
	"CREATED_BY",
	"UPDATED_ON",
	"UPDATED_BY",
	"VALIDATION")
values (
	100228,
	'Date Type',
	'R',
	'p_date_type',
	sysdate,
	'ddesai',
	sysdate,
	'ddesai',
	null);		

-- insert into rpt.report_parm_ref table for the ACC32_Target_Price_Variance report 
--Date range parameter
Insert into RPT.REPORT_PARM_REF (
	"REPORT_PARM_ID",
	"REPORT_ID",
	"SORT_ORDER",
	"REQUIRED_INDICATOR",
	"CREATED_ON",
	"CREATED_BY",
	"ALLOW_FUTURE_DATE_IND") 
values (
	100402,
	100232,
	1,
	'Y',
	sysdate,
	'ddesai',
	null);

-- Date type parameter	
Insert into RPT.REPORT_PARM_REF (
	"REPORT_PARM_ID",
	"REPORT_ID",
	"SORT_ORDER",
	"REQUIRED_INDICATOR",
	"CREATED_ON",
	"CREATED_BY",
	"ALLOW_FUTURE_DATE_IND") 
values (
	100228,
	100232,
	2,
	'Y',
	sysdate,
	'ddesai',
	null);	

-- insert into rpt.report_parm_value table for the ACC32_Target_Price_Variance report 	
Insert into RPT.REPORT_PARM_VALUE (	
	"REPORT_PARM_VALUE_ID",
	"CREATED_ON",
	"CREATED_BY",
	"UPDATED_ON",
	"UPDATED_BY",
	"DISPLAY_TEXT",
	"DB_STATEMENT_ID",
	"DEFAULT_FORM_VALUE")
values (
	1002281,
	sysdate,
	'ddesai',
	sysdate,
	'ddesai',
	'Order Taken Date',
	null,
	'OT');
	
Insert into RPT.REPORT_PARM_VALUE (	
	"REPORT_PARM_VALUE_ID",
	"CREATED_ON",
	"CREATED_BY",
	"UPDATED_ON",
	"UPDATED_BY",
	"DISPLAY_TEXT",
	"DB_STATEMENT_ID",
	"DEFAULT_FORM_VALUE")
values (
	1002282,
	sysdate,
	'ddesai',
	sysdate,
	'ddesai',
	'Order Billed Date',
	null,
	'OB');		

-- insert into rpt.report_parm_value_ref table for the ACC32_Target_Price_Variance report 	
Insert into RPT.REPORT_PARM_VALUE_REF (
	"REPORT_PARM_ID",
	"REPORT_PARM_VALUE_ID",
	"SORT_ORDER",
	"CREATED_ON",
	"CREATED_BY")
values (
	100228,
	1002281,
	1,
	sysdate,
	'ddesai');
	
Insert into RPT.REPORT_PARM_VALUE_REF (
	"REPORT_PARM_ID",
	"REPORT_PARM_VALUE_ID",
	"SORT_ORDER",
	"CREATED_ON",
	"CREATED_BY")
values (
	100228,
	1002282,
	2,
	sysdate,
	'ddesai');	
	
-- Orders Delivered by Ship to State Changes
-- update the existing entry in RPT.REPORT for ACC08
UPDATE rpt.report
   SET description = 'This monthly report is automatically executed on the first day of each month to outline all orders delivered by ship-to location sorted for the entire previous month (first day through last day of month) and displays a summary of these orders first by US State, then by Canadian Province, and finally grouping all International orders together.  The month end report will create 3 copies: (1) All Origins (2) Wal-Mart (WLMTI) only, and (3) Target only (TARGI). '
 WHERE report_id in (100208, 1002081, 1002082);
 
-- insert a new entry for the month end report for TARGI only
Insert into RPT.REPORT (
	"REPORT_ID",
	"NAME",
	"DESCRIPTION",
	"REPORT_FILE_PREFIX",
	"REPORT_TYPE",
	"REPORT_OUTPUT_TYPE",
	"REPORT_CATEGORY",
	"SERVER_NAME",
	"HOLIDAY_INDICATOR",
	"STATUS",
	"CREATED_ON",
	"CREATED_BY",
	"UPDATED_ON",
	"UPDATED_BY",
	"ORACLE_RDF",
	"REPORT_DAYS_SPAN",
	"NOTES",
	"ACL_NAME",
	"RETENTION_DAYS",
	"RUN_TIME_OFFSET",
	"END_OF_DAY_REQUIRED",
	"SCHEDULE_DAY",
	"SCHEDULE_TYPE",
	"SCHEDULE_PARM_VALUE") 
values (
	1002083,
	'Orders Delivered By Ship-To State (Target)',
	'This monthly report is automatically executed on the first day of each month to outline all orders delivered by ship-to location sorted for the entire previous month (first day through last day of month) and displays a summary of these orders first by US State, then by Canadian Province, and finally grouping all International orders together.  The month end report will create 3 copies: (1) All Origins (2) Wal-Mart (WLMTI) only, and (3) Target only (TARGI). ',
	'Orders_Dlv_Ship_State_Target',
	'S',
	'Both',
	'Acct',
	'http://apolloreports.ftdi.com/reports/rwservlet?', --'http://apollo.ftdi.com:7778/reports/rwservlet?'
	'Y',
	'Active',
	sysdate,
	'ddesai',
	sysdate,
	'ddesai',
	'ACC08_Orders_Delivered_by_Ship_To_State.rdf',
	null,
	null,
	'BaseAcctReportAccess',
	10,
	120,
	'Y',
	'01',
	'M',
	'&p_origin_code=WLMTI');	

SET DEFINE ON; 
 
####################################
## START TARGET REPORTS         ####
####################################


###### THESE NEED TO HAPPEN AS PART OF THE README, BUT THERE IS NO README UNTIL AFTER THE DEPLOY TO QA

grant execute on pi.pi_query_pkg to ftd_apps;              
grant execute on pi.pi_maint_pkg to ftd_apps;  
grant execute on pi.pi_query_pkg to clean;           

--#################################################################################
-- END FIX_2_4_0_B RE-Deploy
--#################################################################################



grant select on pi.partners to ftd_apps;

grant execute on b2b.ADDONINFO_FUNC to osp;
grant execute on b2b.APPROVEDDELETE_FUNC to osp;
grant execute on b2b.APPROVEDINFO_FUNC to osp;
grant execute on b2b.APPROVEDINSERT_FUNC to osp;
grant execute on b2b.APPROVEDLINEBUYERCOOKIE_FUNC to osp;
grant execute on b2b.APPROVEDLINEINFO_FUNC to osp;
grant execute on b2b.APPROVEDLINEINSERT_FUNC to osp;
grant execute on b2b.ARCHIVELINEBUYERCOOKIE_FUNC to osp;
grant execute on b2b.ARCHIVEPENDINGDELETE_FUNC to osp;
grant execute on b2b.ARCHIVEPENDINGINFO_FUNC to osp;
grant execute on b2b.ARCHIVEPENDINGINSERT_FUNC to osp;
grant execute on b2b.ARCHIVEPENDINGLINEINFO_FUNC to osp;
grant execute on b2b.BILLTOLOOKUP_FUNC to osp;
grant execute on b2b.CATALOGORDERNUMBER_FUNC to osp;
grant execute on b2b.CHANGECANCELTRANSDELETE_FUNC to osp;
grant execute on b2b.CHANGECANCELTRANSINSERT_FUNC to osp;
grant execute on b2b.CHANGECANCELTRANSSELECT_FUNC to osp;
grant execute on b2b.CLIENTURL_FUNC to osp;
grant execute on b2b.COUNTRYXREFBYNAME_FUNC to osp;
grant execute on b2b.COUNTRYXREF_FUNC to osp;
grant execute on b2b.FTDORDERTRANSINSERT_FUNC to osp;
grant execute on b2b.FTDORDERTRANSSELECT_FUNC to osp;
grant execute on b2b.FTDORDERTRANSUPDATE_FUNC to osp;
grant execute on b2b.HPORDERTRANSINSERT_FUNC to osp;
grant execute on b2b.HPORDERTRANSSELECT_FUNC to osp;
grant execute on b2b.HPORDERTRANSUPDATE_FUNC to osp;
grant execute on b2b.MASTERORDERNUMBER_FUNC to osp;
grant execute on b2b.ORDERDELETETRANSDELETEBC_FUNC to osp;
grant execute on b2b.ORDERDELETETRANSDELETE_FUNC to osp;
grant execute on b2b.ORDERDELETETRANSINFO_FUNC to osp;
grant execute on b2b.ORDERDELETETRANSINSERT_FUNC to osp;
grant execute on b2b.ORDERDELETETRANSSELECT_FUNC to osp;
grant execute on b2b.PENDINGARCHIVE_FUNC to osp;
grant execute on b2b.PENDINGDELETE_FUNC to osp;
grant execute on b2b.PENDINGINFO_FUNC to osp;
grant execute on b2b.PENDINGINSERT_FUNC to osp;
grant execute on b2b.PENDINGLINEBUYERCOOKIE_FUNC to osp;
grant execute on b2b.PENDINGLINEINFO_FUNC to osp;
grant execute on b2b.PENDINGSINGLELINEINFO_FUNC to osp;
grant execute on b2b.PUNCHOUTORDERNUMBER_FUNC to osp;
grant execute on b2b.SHIPTOLOOKUP_FUNC to osp;
grant execute on b2b.SOURCECODELOOKUP_FUNC to osp;
grant execute on b2b.TYPES to osp;
grant execute on b2b.UNSPSCLOOKUP_FUNC to osp;

---- END FIX 2.5.0 RELEASE SCRIPT -------------------
