---- FIX 2.5.0 RELEASE SCRIPT ------------------
set define off

--#################################################################################
-- Bring back PI/TARGET from FIX_2_4_0_B
--#################################################################################

######################
## PI         ########
######################

-- NOTE  These will be different for Hera and Zeus raw devices!!
create tablespace pi_data datafile '/dev/vx/rdsk/prod_oracle_dg/zeus_raw_500M_001' size 493m
extent management local autoallocate segment space management auto;

create tablespace pi_indx datafile '/dev/vx/rdsk/prod_oracle_dg/zeus_raw_500M_009' size 493m
extent management local autoallocate segment space management auto;

create user pi identified by values 'disabled' account lock default tablespace pi_data
temporary tablespace temp2 quota unlimited on pi_data quota unlimited on pi_indx;

grant create session to pi;


CREATE TABLE PI.PARTNERS (
	PARTNER_ID       VARCHAR2(32)    NOT NULL, 
 	PARTNER_NAME     VARCHAR2(100)   NOT NULL, 
        ORIGIN_ID        VARCHAR2(10)    NOT NULL, 
        ACTIVE_FLAG      VARCHAR2(1)         DEFAULT 'N' NOT NULL, 
    CONSTRAINT PARTNERS_CK1  CHECK(ACTIVE_FLAG IN('Y','N')), 
    CONSTRAINT PARTNERS_PK PRIMARY KEY(PARTNER_ID) 
            USING INDEX  TABLESPACE PI_INDX)
 TABLESPACE PI_DATA;
 
COMMENT ON TABLE PI.PARTNERS IS 'Contains a record for each partner configured in the PI application';
COMMENT ON COLUMN PI.PARTNERS.PARTNER_ID IS 'Unique identifier';
COMMENT ON COLUMN PI.PARTNERS.PARTNER_NAME IS 'Business name of the partner';
COMMENT ON COLUMN PI.PARTNERS.ORIGIN_ID IS 'FK to FTD_APPS.origins.origin_id';
     
CREATE UNIQUE INDEX PI.PARTNERS_UK1 ON PI.PARTNERS  (ORIGIN_ID)  
     TABLESPACE PI_INDX;

grant references on ftd_apps.origins to pi;
    
ALTER TABLE PI.PARTNERS 
    ADD (CONSTRAINT PARTNERS_FK1 FOREIGN KEY(ORIGIN_ID) 
    REFERENCES FTD_APPS.ORIGINS(ORIGIN_ID));


CREATE TABLE PI.PARTNER_PROPERTIES 
    (PARTNER_ID         VARCHAR2(32)   NOT NULL, 
     PROPERTY_NAME      VARCHAR2(100)  NOT NULL, 
     PROPERTY_VALUE     VARCHAR2(4000) NOT NULL,
     VALIDATION_REGEX   VARCHAR2(4000), 
     DESCRIPTION        VARCHAR2(2000),
  CONSTRAINT PARTNER_PROPERTIES_PARTNER_FK1 FOREIGN KEY(PARTNER_ID) REFERENCES PI.PARTNERS(PARTNER_ID), 
  CONSTRAINT PARTNER_PROPERTIES_PK PRIMARY KEY(PARTNER_ID, PROPERTY_NAME) 
    USING INDEX TABLESPACE PI_INDX)
  TABLESPACE PI_DATA;

CREATE INDEX PI.PARTNER_PROPERTIES_N1 ON PI.PARTNER_PROPERTIES(PARTNER_ID)  TABLESPACE PI_INDX;

COMMENT ON TABLE PI.PARTNER_PROPERTIES IS 'Properties that are unique to a partner.';
COMMENT ON COLUMN PI.PARTNER_PROPERTIES.PARTNER_ID IS 'From pi.partners.partner_id';
COMMENT ON COLUMN PI.PARTNER_PROPERTIES.PROPERTY_NAME IS 'Name of property';
COMMENT ON COLUMN PI.PARTNER_PROPERTIES.PROPERTY_VALUE IS 'Value of property';
COMMENT ON COLUMN PI.PARTNER_PROPERTIES.VALIDATION_REGEX IS 'Regular expression used for html validation';



CREATE TABLE PI.INBOUND_DOCUMENTS 
    (INBOUND_DOCUMENT_ID   NUMBER(22)        NOT NULL, 
     PARTNER_ID            VARCHAR2(32)      NOT NULL, 
     DOCUMENT_CODE         VARCHAR2(32)      NOT NULL, 
     STATUS_CODE           VARCHAR2(32)      NOT NULL, 
     CONTENTS_TXT          CLOB              NOT NULL, 
     ERROR_TXT             VARCHAR2(4000), 
     CREATED_ON            DATE              NOT NULL, 
     CREATED_BY            VARCHAR2(100)     NOT NULL, 
     UPDATED_ON            DATE, 
     UPDATED_BY            VARCHAR2(100), 
  CONSTRAINT INBOUND_DOCUMENTS_CHK1 CHECK(DOCUMENT_CODE IN('ORDER','CANCEL','REMITTANCE')), 
  CONSTRAINT INBOUND_DOCUMENTS_CHK2 CHECK(STATUS_CODE IN ('NEW','SPLIT','REPROCESS','ERROR')), 
  CONSTRAINT INBOUND_DOCUMENTS_PARTNER_FK1 FOREIGN KEY(PARTNER_ID) REFERENCES PI.PARTNERS(PARTNER_ID), 
  CONSTRAINT INBOUND_DOCUMENTS_PK PRIMARY KEY(INBOUND_DOCUMENT_ID) 
         USING INDEX  TABLESPACE PI_INDX)  
  TABLESPACE PI_DATA  
  LOB(CONTENTS_TXT) STORE AS INBOUND_DOCUMENTS_CONTEXT_LOB (TABLESPACE PI_DATA DISABLE STORAGE IN ROW NOCACHE) ;

CREATE INDEX PI.INBOUND_DOCUMENTS_N1 ON PI.INBOUND_DOCUMENTS(PARTNER_ID)  TABLESPACE PI_INDX;


COMMENT ON TABLE PI.INBOUND_DOCUMENTS IS 'Contains the transaciton documents received from partners.';
COMMENT ON COLUMN PI.INBOUND_DOCUMENTS.INBOUND_DOCUMENT_ID IS 'PRIMARY KEY FROM SEQUEUNCE PI.INBOUND_DOCUMENTS_SQ';
COMMENT ON COLUMN PI.INBOUND_DOCUMENTS.PARTNER_ID IS 'PARTNER_ID from PI.PARTNERS table';


     
CREATE TABLE PI.INBOUND_DOC_PROPERTIES 
    (INBOUND_DOCUMENT_ID      NUMBER(22)     NOT NULL, 
     PROPERTY_NAME            VARCHAR2(100)  NOT NULL, 
     PROPERTY_VALUE           VARCHAR2(4000) NOT NULL, 
  CONSTRAINT INBOUND_DOC_PROPERTIES_FK1 FOREIGN KEY(INBOUND_DOCUMENT_ID) REFERENCES PI.INBOUND_DOCUMENTS(INBOUND_DOCUMENT_ID), 
  CONSTRAINT INBOUND_DOC_PROPERTIES_PK PRIMARY KEY(INBOUND_DOCUMENT_ID, PROPERTY_NAME) 
      USING INDEX TABLESPACE PI_INDX)
  TABLESPACE PI_DATA;

CREATE INDEX PI.INBOUND_DOC_PROPERTIES_N1 ON PI.INBOUND_DOC_PROPERTIES(INBOUND_DOCUMENT_ID)  TABLESPACE PI_INDX;

COMMENT ON TABLE PI.INBOUND_DOC_PROPERTIES IS 'Records containing document properties that are specific to an specific partner.';
COMMENT ON COLUMN PI.INBOUND_DOC_PROPERTIES.INBOUND_DOCUMENT_ID IS 'FROM PI.INBOUND_DOCUMENTS';
COMMENT ON COLUMN PI.INBOUND_DOC_PROPERTIES.PROPERTY_NAME IS 'Name of property';
COMMENT ON COLUMN PI.INBOUND_DOC_PROPERTIES.PROPERTY_VALUE IS 'String value of property';



CREATE TABLE PI.INBOUND_MESSAGES 
    (INBOUND_MESSAGE_ID        NUMBER(22)    NOT NULL, 
     INBOUND_DOCUMENT_ID       NUMBER(22)    NOT NULL, 
     MESSAGE_CODE              VARCHAR2(32)  NOT NULL, 
     STATUS_CODE               VARCHAR2(32)  NOT NULL, 
     PARTNER_MESSAGE_TXT       CLOB          NOT NULL, 
     FTD_XML_TXT               CLOB, 
     ERROR_TXT                 VARCHAR2(4000), 
     CREATED_ON                DATE          NOT NULL, 
     CREATED_BY                VARCHAR2(100) NOT NULL, 
     UPDATED_ON                DATE, 
     UPDATED_BY                VARCHAR2(100),
  CONSTRAINT INBOUND_MESSAGES_CK1 CHECK(MESSAGE_CODE IN ('ORDER','CANCEL','REMITTANCE')), 
  CONSTRAINT INBOUND_MESSAGES_CK2 CHECK(STATUS_CODE IN ('NEW','MAPPED','SENT','REPROCESS','ERROR')), 
  CONSTRAINT INBOUND_MESSAGES_INBOUND__FK1 FOREIGN KEY(INBOUND_DOCUMENT_ID) REFERENCES PI.INBOUND_DOCUMENTS(INBOUND_DOCUMENT_ID), 
  CONSTRAINT INBOUND_MESSAGES_PK PRIMARY KEY(INBOUND_MESSAGE_ID) 
       USING INDEX  TABLESPACE PI_INDX )  
  TABLESPACE PI_DATA 
  LOB(PARTNER_MESSAGE_TXT) STORE AS INBOUND_MSGS_PRTNR_MSG_LOB (TABLESPACE PI_DATA DISABLE STORAGE IN ROW NOCACHE) 
  LOB(FTD_XML_TXT) STORE AS INBOUND_MSGS_FTD_XML_LOB (TABLESPACE PI_DATA ENABLE STORAGE IN ROW NOCACHE);




CREATE INDEX PI.INBOUND_MESSAGES_N1 ON PI.INBOUND_MESSAGES(INBOUND_DOCUMENT_ID)  TABLESPACE PI_INDX;

COMMENT ON TABLE PI.INBOUND_MESSAGES IS 'Individual transactional messages received from partners.';
COMMENT ON COLUMN PI.INBOUND_MESSAGES.INBOUND_MESSAGE_ID IS 'Primary key from sequence pi.inbound_messages_sq';
COMMENT ON COLUMN PI.INBOUND_MESSAGES.INBOUND_DOCUMENT_ID IS 'Parent record id from pi.inbound_documents';
COMMENT ON COLUMN PI.INBOUND_MESSAGES.MESSAGE_CODE IS 'Type of message.';
COMMENT ON COLUMN PI.INBOUND_MESSAGES.STATUS_CODE IS 'Processing status code.';
COMMENT ON COLUMN PI.INBOUND_MESSAGES.PARTNER_MESSAGE_TXT IS 'Text contents of the partner message.';
COMMENT ON COLUMN PI.INBOUND_MESSAGES.FTD_XML_TXT IS 'Partner message converted to FTD format.';
     
     
     
     
CREATE TABLE PI.INBOUND_MSG_PROPERTIES 
    (INBOUND_MESSAGE_ID      NUMBER(22)     NOT NULL, 
     PROPERTY_NAME           VARCHAR2(100)  NOT NULL, 
     PROPERTY_VALUE          VARCHAR2(4000) NOT NULL, 
  CONSTRAINT INBOUND_MSG_PROPERTIES_IN_FK1 FOREIGN KEY(INBOUND_MESSAGE_ID) REFERENCES PI.INBOUND_MESSAGES(INBOUND_MESSAGE_ID), 
  CONSTRAINT INBOUND_MSG_PROPERTIES_PK PRIMARY KEY(INBOUND_MESSAGE_ID, PROPERTY_NAME) 
    USING INDEX TABLESPACE PI_INDX)
  TABLESPACE PI_DATA;
  
CREATE INDEX PI.INBOUND_MSG_PROPERTIES_N1 ON PI.INBOUND_MSG_PROPERTIES(INBOUND_MESSAGE_ID)  TABLESPACE PI_INDX;
  
  
COMMENT ON TABLE  PI.INBOUND_MSG_PROPERTIES IS 'Records containing message properties that are specific to an specific partner.';
COMMENT ON COLUMN PI.INBOUND_MSG_PROPERTIES.INBOUND_MESSAGE_ID IS 'FROM PI.INBOUND_MESSAGES';
COMMENT ON COLUMN PI.INBOUND_MSG_PROPERTIES.PROPERTY_NAME IS 'Name of property';
COMMENT ON COLUMN PI.INBOUND_MSG_PROPERTIES.PROPERTY_VALUE IS 'String value of property';


CREATE TABLE PI.OUTBOUND_DOCUMENTS 
    (OUTBOUND_DOCUMENT_ID     NUMBER(22)     NOT NULL, 
     INBOUND_DOCUMENT_ID      NUMBER(22), 
     PARTNER_ID               VARCHAR2(32)   NOT NULL, 
     DOCUMENT_CODE            VARCHAR2(32)   NOT NULL, 
     STATUS_CODE              VARCHAR2(32)   NOT NULL, 
     CONTENTS_TXT             CLOB, 
     ERROR_TXT                VARCHAR2(4000),
     CREATED_ON               DATE           NOT NULL, 
     CREATED_BY               VARCHAR2(100)  NOT NULL, 
     UPDATED_ON               DATE, 
     UPDATED_BY               VARCHAR2(100),  
  CONSTRAINT OUTBOUND_DOCUMENTS_CK1 CHECK(DOCUMENT_CODE IN('ORDER_ACK','CANCEL','CANCEL_ACK','SHIPMENT','INVENTORY',
     'FULL_INVENTORY')), 
  CONSTRAINT OUTBOUND_DOCUMENTS_CK2 CHECK(STATUS_CODE IN('NEW','SENT','REPROCESS','BUILT','ERROR')), 
  CONSTRAINT OUTBOUND_DOCUMENTS_FK1 FOREIGN KEY(INBOUND_DOCUMENT_ID) REFERENCES PI.INBOUND_DOCUMENTS(INBOUND_DOCUMENT_ID), 
  CONSTRAINT OUTBOUND_DOCUMENTS_FK2 FOREIGN KEY(PARTNER_ID) REFERENCES PI.PARTNERS(PARTNER_ID), 
  CONSTRAINT OUTBOUND_DOCUMENTS_PK PRIMARY KEY(OUTBOUND_DOCUMENT_ID) 
     USING INDEX  TABLESPACE PI_INDX)  
  TABLESPACE PI_DATA 
  LOB(CONTENTS_TXT) STORE AS OUTBOUND_DOCUMENTS_CONTEXT_LOB (TABLESPACE PI_DATA DISABLE STORAGE IN ROW NOCACHE) ;


CREATE INDEX PI.OUTBOUND_DOCUMENTS_N1 ON PI.OUTBOUND_DOCUMENTS(DOCUMENT_CODE)   TABLESPACE PI_INDX;
CREATE INDEX PI.OUTBOUND_DOCUMENTS_N2 ON PI.OUTBOUND_DOCUMENTS(PARTNER_ID)     TABLESPACE PI_INDX;
CREATE INDEX PI.OUTBOUND_DOCUMENTS_N3 ON PI.OUTBOUND_DOCUMENTS(STATUS_CODE)     TABLESPACE PI_INDX;


COMMENT ON TABLE PI.OUTBOUND_DOCUMENTS IS 'Contains the transaciton documents being sent to partners.';
COMMENT ON COLUMN PI.OUTBOUND_DOCUMENTS.OUTBOUND_DOCUMENT_ID IS 'PRIMARY KEY FROM SEQUEUNCE PI.OUTBOUND_DOCUMENTS_SQ';
COMMENT ON COLUMN PI.OUTBOUND_DOCUMENTS.INBOUND_DOCUMENT_ID IS 'REFERENCED INBOUND DOCUMENT ID';
COMMENT ON COLUMN PI.OUTBOUND_DOCUMENTS.PARTNER_ID IS 'PARTNER_ID from PI.PARTNERS table';



CREATE TABLE PI.OUTBOUND_DOC_PROPERTIES 
    (OUTBOUND_DOCUMENT_ID   NUMBER(22)      NOT NULL, 
     PROPERTY_NAME          VARCHAR2(100)   NOT NULL, 
     PROPERTY_VALUE         VARCHAR2(4000)  NOT NULL, 
  CONSTRAINT OUTBOUND_DOC_PROPERTIES_PK PRIMARY KEY(OUTBOUND_DOCUMENT_ID, PROPERTY_NAME) 
    USING INDEX  TABLESPACE PI_INDX)
  TABLESPACE PI_DATA;
  
COMMENT ON TABLE PI.OUTBOUND_DOC_PROPERTIES IS 'Records containing document properties that are specific to an specific partner.';
COMMENT ON COLUMN PI.OUTBOUND_DOC_PROPERTIES.OUTBOUND_DOCUMENT_ID IS 'FROM PI.OUTBOUND_DOCUMENTS';
COMMENT ON COLUMN PI.OUTBOUND_DOC_PROPERTIES.PROPERTY_NAME IS 'Name of property';
COMMENT ON COLUMN PI.OUTBOUND_DOC_PROPERTIES.PROPERTY_VALUE IS 'String value of property';
     
     
     
CREATE TABLE PI.OUTBOUND_MESSAGES 
    (OUTBOUND_MESSAGE_ID    NUMBER(22)    NOT NULL, 
     OUTBOUND_DOCUMENT_ID   NUMBER(22), 
     INBOUND_MESSAGE_ID     NUMBER(22)    NULL, 
     PARTNER_ID             VARCHAR2(32), 
     MESSAGE_CODE           VARCHAR2(32)  NOT NULL, 
     STATUS_CODE            VARCHAR2(32)  NOT NULL, 
     ERROR_TXT              VARCHAR2(4000), 
     CREATED_ON             DATE          NOT NULL, 
     CREATED_BY             VARCHAR2(100) NOT NULL, 
     UPDATED_ON             DATE, 
     UPDATED_BY             VARCHAR2(100), 
  CONSTRAINT OUTBOUND_MESSAGES_CK1 CHECK(MESSAGE_CODE IN('ORDER_ACK','CANCEL','CANCEL_ACK','SHIPMENT','INVENTORY',
     'FULL_INVENTORY')),
  CONSTRAINT OUTBOUND_MESSAGES_CK2 CHECK(STATUS_CODE IN('NEW','BUILT','ERROR')), 
  CONSTRAINT OUTBOUND_MESSAGES_FK1 FOREIGN KEY(PARTNER_ID) REFERENCES PI.PARTNERS(PARTNER_ID), 
  CONSTRAINT OUTBOUND_MESSAGES_FK2 FOREIGN KEY(INBOUND_MESSAGE_ID) REFERENCES PI.INBOUND_MESSAGES(INBOUND_MESSAGE_ID), 
  CONSTRAINT OUTBOUND_MESSAGES_PK PRIMARY KEY(OUTBOUND_MESSAGE_ID) 
     USING INDEX TABLESPACE PI_INDX)
  TABLESPACE PI_DATA;

CREATE INDEX PI.OUTBOUND_MESSAGES_N1 ON PI.OUTBOUND_MESSAGES(PARTNER_ID)   TABLESPACE PI_INDX;
CREATE INDEX PI.OUTBOUND_MESSAGES_N2 ON PI.OUTBOUND_MESSAGES(INBOUND_MESSAGE_ID)   TABLESPACE PI_INDX;
CREATE INDEX PI.OUTBOUND_MESSAGES_N3 ON PI.OUTBOUND_MESSAGES(OUTBOUND_DOCUMENT_ID)   TABLESPACE PI_INDX;
    
COMMENT ON TABLE PI.OUTBOUND_MESSAGES IS 'Individual transactional messages received from partners.';
COMMENT ON COLUMN PI.OUTBOUND_MESSAGES.OUTBOUND_MESSAGE_ID IS 'Primary key from sequence pi.OUTBOUND_messages_sq';
COMMENT ON COLUMN PI.OUTBOUND_MESSAGES.OUTBOUND_DOCUMENT_ID IS 'Parent record id from pi.OUTBOUND_documents';
COMMENT ON COLUMN PI.OUTBOUND_MESSAGES.INBOUND_message_ID IS 'The referencing record id from pi.inbound_messages';
COMMENT ON COLUMN PI.OUTBOUND_MESSAGES.MESSAGE_CODE IS 'Type of message.';
COMMENT ON COLUMN PI.OUTBOUND_MESSAGES.STATUS_CODE IS 'Processing status code.';
     
     
     
CREATE TABLE PI.OUTBOUND_MSG_PROPERTIES 
    (OUTBOUND_MESSAGE_ID       NUMBER(22)      NOT NULL, 
     PROPERTY_NAME             VARCHAR2(100)   NOT NULL, 
     PROPERTY_VALUE            VARCHAR2(4000)  NOT NULL, 
  CONSTRAINT OUTBOUND_MSG_PROPERTIES_FK1 FOREIGN KEY(OUTBOUND_MESSAGE_ID) REFERENCES PI.OUTBOUND_MESSAGES(OUTBOUND_MESSAGE_ID), 
  CONSTRAINT OUTBOUND_MSG_PROPERTIES_PK PRIMARY KEY(OUTBOUND_MESSAGE_ID, PROPERTY_NAME) 
    USING INDEX  TABLESPACE PI_INDX)
  TABLESPACE PI_DATA;

CREATE INDEX PI.OUTBOUND_MSG_PROPERTIES_N1 ON PI.OUTBOUND_MSG_PROPERTIES(OUTBOUND_MESSAGE_ID) TABLESPACE PI_INDX;
  
COMMENT ON TABLE PI.OUTBOUND_MSG_PROPERTIES IS 'Records containing message properties that are specific to a specific partner.';
COMMENT ON COLUMN PI.OUTBOUND_MSG_PROPERTIES.OUTBOUND_MESSAGE_ID IS 'FROM PI.OUTBOUND_MESSAGES';
COMMENT ON COLUMN PI.OUTBOUND_MSG_PROPERTIES.PROPERTY_NAME IS 'Name of property';
COMMENT ON COLUMN PI.OUTBOUND_MSG_PROPERTIES.PROPERTY_VALUE IS 'String value of property';



CREATE TABLE PI.REPROCESS_MESSAGES 
    (REPROCESS_MESSAGE_ID      NUMBER(22)     NOT NULL, 
     QUEUE_NAME                VARCHAR2(100)  NOT NULL, 
     MESSAGE_TXT               VARCHAR2(4000) NOT NULL, 
     REPROCESS_DATETIME        DATE           NOT NULL, 
  CONSTRAINT REPROCESS_MESSAGES_PK PRIMARY KEY(REPROCESS_MESSAGE_ID) 
    USING INDEX TABLESPACE PI_INDX)
  TABLESPACE PI_DATA;
  
  
COMMENT ON TABLE PI.REPROCESS_MESSAGES IS 'This table holds records of messages that needs to be placed back on a JMS queue at a specified time.';
COMMENT ON COLUMN PI.REPROCESS_MESSAGES.REPROCESS_MESSAGE_ID IS 'Primary key from PI_REPROCESS_MESSAGE_SQ';
COMMENT ON COLUMN PI.REPROCESS_MESSAGES.QUEUE_NAME IS 'JMS queue to put message back out on.';
COMMENT ON COLUMN PI.REPROCESS_MESSAGES.MESSAGE_TXT IS 'Text that will be put in the message text area of the JMS message.';
COMMENT ON COLUMN PI.REPROCESS_MESSAGES.REPROCESS_DATETIME IS 'Time when the message should be reprocessed.';
     
     
CREATE TABLE PI.ORDER_XREF 
    (INBOUND_DOCUMENT_ID        NUMBER(22)    NOT NULL,
     INBOUND_MESSAGE_ID         NUMBER(22)    NOT NULL,
     INBOUND_MSG_DETAIL_ID      NUMBER(22)    NOT NULL,
     PARTNER_ID                 VARCHAR2(32)  NOT NULL,
     MASTER_ORDER_NUMBER        VARCHAR2(100),
     EXTERNAL_ORDER_NUMBER      VARCHAR2(20),
     PARTNER_DOCUMENT_ID        VARCHAR2(100),
     PARTNER_ORDER_NUMBER       VARCHAR2(100),
     PARTNER_LINE_NUMBER        VARCHAR2(100),
     PARTNER_CUST_ORDER_NUMBER  VARCHAR2(100),
 CONSTRAINT ORDER_XREF_PK  PRIMARY KEY(INBOUND_DOCUMENT_ID, INBOUND_MESSAGE_ID, INBOUND_MSG_DETAIL_ID )
    USING INDEX TABLESPACE PI_INDX,
 CONSTRAINT ORDER_XREF_FK1 FOREIGN KEY(INBOUND_DOCUMENT_ID) REFERENCES PI.INBOUND_DOCUMENTS(INBOUND_DOCUMENT_ID),
 CONSTRAINT ORDER_XREF_FK2 FOREIGN KEY(PARTNER_ID) REFERENCES PI.PARTNERS(PARTNER_ID),
 CONSTRAINT ORDER_XREF_UK1 UNIQUE(EXTERNAL_ORDER_NUMBER) 
    USING INDEX  TABLESPACE PI_INDX)
 tablespace pi_data;
 
CREATE INDEX PI.ORDER_XREF_N1 ON PI.ORDER_XREF(INBOUND_DOCUMENT_ID) TABLESPACE PI_INDX;
CREATE INDEX PI.ORDER_XREF_N2 ON PI.ORDER_XREF(PARTNER_ID) TABLESPACE PI_INDX;
 
COMMENT ON TABLE PI.ORDER_XREF IS 'Cross reference table that pairs ftd orders with partner orders';
COMMENT ON COLUMN PI.ORDER_XREF.INBOUND_DOCUMENT_ID IS 'FROM PI_INBOUND_DOCUMENTS';
COMMENT ON COLUMN PI.ORDER_XREF.INBOUND_MESSAGE_ID IS 'FROM PI_INBOUND_MESSAGES';
COMMENT ON COLUMN PI.ORDER_XREF.INBOUND_MSG_DETAIL_ID IS 'FROM PI_INBOUND_MSG_DETAILS';
COMMENT ON COLUMN PI.ORDER_XREF.PARTNER_DOCUMENT_ID IS 'From incoming partner document';
COMMENT ON COLUMN PI.ORDER_XREF.PARTNER_ORDER_NUMBER IS 'From incoming partner document';
COMMENT ON COLUMN PI.ORDER_XREF.PARTNER_LINE_NUMBER IS 'From incoming partner document';



CREATE TABLE PI.PARTNER_SDS_ERROR 
    (PARTNER_ID        VARCHAR2(32)      NOT NULL, 
     ERROR_ID          number(22)        NOT NULL, 
     SOURCE            VARCHAR2(32)      NOT NULL, 
     DISPOSITION       VARCHAR2(32)      NOT NULL, 
     PAGE_SUPPORT_FLAG VARCHAR2(1)       DEFAULT 'Y' NOT NULL, 
     ORDER_COMMENTS    VARCHAR2(4000), 
  CONSTRAINT PARTNER_SDS_ERROR_CK1 CHECK(SOURCE IN ('SDS','FEDEX')), 
  CONSTRAINT PARTNER_SDS_ERROR_CK2 CHECK(DISPOSITION IN ('REPROCESS','QUEUE','CANCEL_ORDER','INCREMENT_SHIP_DATE')), 
  CONSTRAINT PARTNER_SDS_ERROR_CK3 CHECK(PAGE_SUPPORT_FLAG IN('Y','N')), 
  CONSTRAINT PARTNER_SDS_ERROR_PARTNER_FK1 FOREIGN KEY(PARTNER_ID) REFERENCES PI.PARTNERS(PARTNER_ID), 
  CONSTRAINT PARTNER_SDS_ERROR_PK PRIMARY KEY(PARTNER_ID,ERROR_ID) 
    USING INDEX  TABLESPACE PI_INDX)
  TABLESPACE PI_DATA;
  
  
CREATE INDEX PI.PARTNER_SDS_ERROR_N1 ON PI.PARTNER_SDS_ERROR(PARTNER_ID) TABLESPACE PI_INDX;
    
COMMENT ON TABLE PI.PARTNER_SDS_ERROR IS 'Override record for the VENUS.SDS_ERROR table specific to a partner.';
COMMENT ON COLUMN PI.PARTNER_SDS_ERROR.PARTNER_ID IS 'FK to pi.partners.partner_id';
COMMENT ON COLUMN PI.PARTNER_SDS_ERROR.ERROR_ID IS 'Error code received from the SDS ship server.';
COMMENT ON COLUMN PI.PARTNER_SDS_ERROR.SOURCE IS 'Did the error originate from the SDS or FedEx ship server.';
COMMENT ON COLUMN PI.PARTNER_SDS_ERROR.DISPOSITION IS 'Code to indicate what type or processing should occure when this error is received.';
COMMENT ON COLUMN PI.PARTNER_SDS_ERROR.ORDER_COMMENTS IS 'Optional comments that will be appended to order comments.';
COMMENT ON COLUMN PI.PARTNER_SDS_ERROR.PAGE_SUPPORT_FLAG is 'If Y, then a page will go out to the support pager.  Otherwise, no page is sent.';


CREATE SEQUENCE PI.INBOUND_DOCUMENTS_SQ 
    START WITH 1  INCREMENT BY 1  MAXVALUE 1.0E28 NOCYCLE NOCACHE;
    
CREATE SEQUENCE PI.INBOUND_MESSAGES_SQ  
    START WITH 1  INCREMENT BY 1  MAXVALUE 1.0E28 NOCYCLE NOCACHE;
    
CREATE SEQUENCE PI.OUTBOUND_DOCUMENTS_SQ  
    START WITH 1  INCREMENT BY 1  MAXVALUE 1.0E28 NOCYCLE NOCACHE;
    
CREATE SEQUENCE PI.OUTBOUND_MESSAGES_SQ 
    START WITH 1  INCREMENT BY 1  MAXVALUE 1.0E28 NOCYCLE NOCACHE;

CREATE SEQUENCE PI.TARGET_EXT_ORD_NUM_SQ  
    START WITH 1  INCREMENT BY 1  MAXVALUE 1.0E28 NOCYCLE NOCACHE;

CREATE SEQUENCE PI.REPROCESS_MESSAGES_SQ  
    START WITH 1  INCREMENT BY 1  MAXVALUE 1.0E28 NOCYCLE NOCACHE;

grant execute on events.post_a_message_flex to pi;
grant execute on events.post_a_message_flex to clean;
grant select on ftd_apps.zip_code to pi;

CREATE TABLE PI.HARNESS_RECIP 
   (HARNESS_RECIP_ID      NUMBER(22)    NOT NULL, 
    RECIP_NAME_TXT        VARCHAR2(40), 
    RECIP_BUSINESS_TXT    VARCHAR2(40), 
    RECIP_ADDR1_TXT       VARCHAR2(40), 
    RECIP_ADDR2_TXT       VARCHAR2(40), 
    RECIP_ADDR3_TXT       VARCHAR2(40), 
    RECIP_CITY_TXT        VARCHAR2(40), 
    RECIP_STATE_TXT       VARCHAR2(40), 
    RECIP_POSTAL_TXT      VARCHAR2(40),
    RECIP_COUNTRY_CODE    VARCHAR2(3),
    RECIP_PHONE_TXT       VARCHAR2(40), 
    PARTNER_ID            VARCHAR2(10),
    CREATED_ON            DATE DEFAULT SYSDATE NOT NULL, 
    CREATED_BY            VARCHAR2(10 byte) NOT NULL, 
    UPDATED_ON            DATE DEFAULT SYSDATE NOT NULL, 
    UPDATED_BY            VARCHAR2(10 byte) NOT NULL, 
  CONSTRAINT HARNESS_RECIP_PK PRIMARY KEY(HARNESS_RECIP_ID) 
    USING INDEX TABLESPACE PI_INDX,
  CONSTRAINT harness_recip_fk1 FOREIGN KEY(partner_id) REFERENCES pi.partners(partner_id))
  TABLESPACE PI_DATA;

CREATE INDEX pi.harness_recip_n1 on pi.harness_recip (partner_id)    TABLESPACE pi_indx;

    
CREATE TABLE PI.HARNESS_PROPERTIES 
    (HARNESS_PROPERTIES_ID NUMBER(22),
     PARTNER_ID VARCHAR2(32), 
     PROPERTY_NAME VARCHAR2(100) NOT NULL, 
     PROPERTY_VALUE VARCHAR2(4000) NOT NULL, 
     VALIDATION_REGEX VARCHAR2(4000), 
   CONSTRAINT HARNESS_PROPERTIES_PK PRIMARY KEY (HARNESS_PROPERTIES_ID)
     USING INDEX TABLESPACE PI_INDX, 
   CONSTRAINT HARNESS_PROPERTIES_PARTNER_FK1 FOREIGN KEY (PARTNER_ID) REFERENCES PI.PARTNERS (PARTNER_ID))
   TABLESPACE PI_DATA;
CREATE INDEX PI.HARNESS_PROPERTIES_N1 on PI.harness_properties (partner_id)    TABLESPACE pi_indx;

alter table pi.harness_properties  add (CONSTRAINT harness_properties_UK1 UNIQUE(partner_id,property_name) 
    USING INDEX  TABLESPACE PI_INDX);



COMMENT ON TABLE pi.HARNESS_PROPERTIES IS   'Primary key (sequence).'; 
COMMENT ON COLUMN pi.HARNESS_PROPERTIES.HARNESS_PROPERTIES_ID IS 'Properties that are unique to a partner.'; 
COMMENT ON COLUMN pi.HARNESS_PROPERTIES.PARTNER_ID IS   'From pi.partners.partner_id'; 
COMMENT ON COLUMN pi.HARNESS_PROPERTIES.PROPERTY_NAME IS 'Name of property'; 
COMMENT ON COLUMN pi.HARNESS_PROPERTIES.PROPERTY_VALUE IS 'Value of property'; 
COMMENT ON COLUMN pi.HARNESS_PROPERTIES.VALIDATION_REGEX IS   'Regular expression used for html validation';
    

CREATE SEQUENCE PI.HARNESS_PROPERTIES_SQ  
    START WITH 1  INCREMENT BY 1  MAXVALUE 1.0E28 NOCYCLE NOCACHE;

CREATE SEQUENCE PI.HARNESS_RECIP_SQ  
    START WITH 1  INCREMENT BY 1  MAXVALUE 1.0E28 NOCYCLE NOCACHE;



CREATE TABLE PI.INBOUND_MSG_DETAIL 
    (INBOUND_MSG_DETAIL_ID      NUMBER(22)    NOT NULL,
     INBOUND_MESSAGE_ID         NUMBER(22)    NOT NULL,  
     partner_detail_id          varchar2(100),
     CREATED_ON                 DATE          NOT NULL,
     CREATED_BY                 VARCHAR2(100) NOT NULL,
     UPDATED_ON                 DATE,
     UPDATED_BY                 VARCHAR2(100),
  CONSTRAINT INBOUND_MSG_DETAIL_PK PRIMARY KEY(INBOUND_MSG_DETAIL_ID)
       USING INDEX TABLESPACE PI_INDX, 
  CONSTRAINT INBOUND_MSG_DETAIL_INBOUND_FK1 FOREIGN KEY(INBOUND_MESSAGE_ID) REFERENCES PI.INBOUND_MESSAGES(INBOUND_MESSAGE_ID))
  TABLESPACE PI_DATA;

CREATE INDEX PI.INBOUND_MSG_DETAIL_N1 on PI.inbound_msg_detail (inbound_message_id)    TABLESPACE pi_indx;


COMMENT ON TABLE PI.INBOUND_MSG_DETAIL IS 'Individual transactional message detail received from partners.';
COMMENT ON COLUMN PI.INBOUND_MSG_DETAIL.INBOUND_MSG_DETAIL_ID IS 'Primary key from sequence pi.INBOUND_MSG_DETAIL_SQ';
COMMENT ON COLUMN PI.INBOUND_MSG_DETAIL.INBOUND_MESSAGE_ID IS 'Parent record id from pi.inbound_messages';


CREATE TABLE PI.INBOUND_MSG_DETAIL_PROPERTIES 
    (INBOUND_MSG_DETAIL_ID      NUMBER(22)     NOT NULL, 
     PROPERTY_NAME              VARCHAR2(100)  NOT NULL,
     PROPERTY_VALUE             VARCHAR2(4000) NOT NULL,
  CONSTRAINT INBOUND_MSG_DTL_PROPERTIES_PK PRIMARY KEY(INBOUND_MSG_DETAIL_ID, PROPERTY_NAME) 
      USING INDEX TABLESPACE PI_INDX,
  CONSTRAINT INBOUND_MSG_DTL_PROPERTIES_FK1 FOREIGN KEY(INBOUND_MSG_DETAIL_ID) REFERENCES PI.INBOUND_MSG_DETAIL(INBOUND_MSG_DETAIL_ID))
  TABLESPACE PI_DATA;
     
CREATE INDEX PI.INBOUND_MSG_DTL_PROPERTIES_N1 on PI.INBOUND_MSG_DETAIL_PROPERTIES (INBOUND_MSG_DETAIL_ID) TABLESPACE pi_indx;

COMMENT ON TABLE PI.INBOUND_MSG_DETAIL_PROPERTIES IS 'Records containing message properties that are specific to an specific partner.'; 
COMMENT ON COLUMN PI.INBOUND_MSG_DETAIL_PROPERTIES.INBOUND_MSG_DETAIL_ID IS 'FROM PI.INBOUND_MSG_DETAIL';
COMMENT ON COLUMN PI.INBOUND_MSG_DETAIL_PROPERTIES.PROPERTY_NAME IS 'Name of property';
COMMENT ON COLUMN PI.INBOUND_MSG_DETAIL_PROPERTIES.PROPERTY_VALUE IS 'String value of property';


CREATE SEQUENCE PI.INBOUND_MSG_DETAIL_SQ  
    START WITH 1  INCREMENT BY 1  MAXVALUE 1.0E28 NOCYCLE NOCACHE;


grant select on ftd_apps.product_master to pi;
grant select on ftd_apps.product_subcodes to pi;
grant select on pi.partners to scrub;
grant select on pi.partner_properties to scrub;

INSERT INTO FRP.GLOBAL_PARMS ( CONTEXT, NAME, VALUE, CREATED_BY, CREATED_ON, UPDATED_BY, UPDATED_ON) VALUES (
'OPS_ADMIN_CONFIG',
'pi_harness_url',
'http://consumer.ftdi.com/pi/showHarness.do',
'RLSE_2_5_0',
SYSDATE,
'RLSE_2_5_0',
SYSDATE);

INSERT INTO FRP.GLOBAL_PARMS ( CONTEXT, NAME, VALUE, CREATED_BY, CREATED_ON, UPDATED_BY, UPDATED_ON) VALUES (
'OPS_ADMIN_CONFIG',
'partner_properties_url',
'http://consumer.ftdi.com/pdb/showPartnerProperties.do',
'RLSE_2_5_0',
SYSDATE,
'RLSE_2_5_0',
SYSDATE);



CREATE TABLE PI.OUTBOUND_MSG_DETAIL 
   (OUTBOUND_MSG_DETAIL_ID       NUMBER(22) NOT NULL,
    OUTBOUND_MESSAGE_ID          NUMBER(22),
    INBOUND_MSG_DETAIL_ID        NUMBER(22),
    CREATED_ON                   DATE NOT NULL, 
    CREATED_BY                   VARCHAR2(100) NOT NULL, 
    UPDATED_ON                   DATE, 
    UPDATED_BY                   VARCHAR2(100),
  CONSTRAINT OUTBOUND_MSG_DETAIL_PK PRIMARY KEY(OUTBOUND_MSG_DETAIL_ID) 
    USING INDEX TABLESPACE PI_INDX, 
  CONSTRAINT OUTBOUND_MSG_DETAIL_FK1 FOREIGN KEY(OUTBOUND_MESSAGE_ID) REFERENCES PI.OUTBOUND_MESSAGES(OUTBOUND_MESSAGE_ID),
  CONSTRAINT OUTBOUND_MSG_DETAIL_FK2 FOREIGN KEY(INBOUND_MSG_DETAIL_ID) REFERENCES PI.INBOUND_MSG_DETAIL(INBOUND_MSG_DETAIL_ID))  
 TABLESPACE PI_DATA;

CREATE INDEX PI.OUTBOUND_MSG_DETAIL_N1 on PI.OUTBOUND_MSG_DETAIL (OUTBOUND_MESSAGE_ID) TABLESPACE pi_indx;
CREATE INDEX PI.OUTBOUND_MSG_DETAIL_N2 on PI.OUTBOUND_MSG_DETAIL (INBOUND_MSG_DETAIL_ID) TABLESPACE pi_indx;


COMMENT ON TABLE PI.OUTBOUND_MSG_DETAIL IS 'Individual transactional message detail being sent to the partner.';
COMMENT ON COLUMN PI.OUTBOUND_MSG_DETAIL.INBOUND_MSG_DETAIL_ID IS 'Primary key from sequence pi.OUTBOUND_MSG_DETAIL_SQ';
COMMENT ON COLUMN PI.OUTBOUND_MSG_DETAIL.OUTBOUND_MESSAGE_ID IS 'Parent record id from pi.outbound_messages';


CREATE SEQUENCE PI.OUTBOUND_MSG_DETAIL_SQ
    START WITH 1  INCREMENT BY 1  MAXVALUE 1.0E28 NOCYCLE NOCACHE;

CREATE TABLE PI.VARIANCES (
    VARIANCE_ID NUMBER(22) NOT NULL, 
    EXTERNAL_ORDER_NUMBER VARCHAR2(20) NOT NULL, 
    VARIANCE_TYPE VARCHAR2(32) NOT NULL, 
    PARTNER_ID VARCHAR2(32) NOT NULL, 
    CREATED_ON DATE NOT NULL, 
    CREATED_BY VARCHAR2(100) NOT NULL, 
    UPDATED_ON DATE NOT NULL, 
    UPDATED_BY VARCHAR2(100) NOT NULL, 
    CONSTRAINT VARIANCES_PK PRIMARY KEY(VARIANCE_ID) using index tablespace pi_indx, 
    CONSTRAINT VARIANCES_CK1 FOREIGN KEY(PARTNER_ID) REFERENCES PI.PARTNERS(PARTNER_ID), 
    CONSTRAINT VARIANCES_CK2 CHECK(VARIANCE_TYPE IN ('WHOLESALE_COST'))) 
    TABLESPACE PI_DATA;
 
CREATE INDEX PI.VARIANCES_N1 on PI.VARIANCES (PARTNER_ID) TABLESPACE pi_indx;
 
COMMENT ON TABLE PI.VARIANCES IS 'Records containing variances that are found between ftd and it''s partners.';
 
COMMENT ON COLUMN PI.VARIANCES.VARIANCE_ID IS 'GENERATED FROM PI.VARIANCES_SQ'; 
 
CREATE TABLE PI.VARIANCE_PROPERTIES ( 
    VARIANCE_ID NUMBER(22,0) NOT NULL, 
    PROPERTY_NAME VARCHAR2(100) NOT NULL, 
    PROPERTY_VALUE VARCHAR2(4000) NOT NULL, 
    CONSTRAINT VARIANCE_PROP_PK PRIMARY KEY (VARIANCE_ID, PROPERTY_NAME) using index tablespace pi_indx, 
    CONSTRAINT VARIANCE_PROP_FK1 FOREIGN KEY (VARIANCE_ID) REFERENCES pi.VARIANCES (VARIANCE_ID) )
    TABLESPACE PI_DATA;
 
COMMENT ON TABLE PI.VARIANCE_PROPERTIES IS 'Records containing variance detail.  Child to PI_VARIANCES.';
 
COMMENT ON COLUMN PI.VARIANCE_PROPERTIES.VARIANCE_ID IS 'GENERATED FROM PI.VARIANCES'; 
 
COMMENT ON COLUMN PI.VARIANCE_PROPERTIES.PROPERTY_NAME IS 'Name of property'; 
 
COMMENT ON COLUMN PI.VARIANCE_PROPERTIES.PROPERTY_VALUE IS 'String value of property';
 
CREATE SEQUENCE PI.VARIANCES_SQ INCREMENT BY 1 START WITH 1 MINVALUE 1 NOCYCLE NOCACHE NOORDER;




grant select on sitescope.pagers to pi;
grant select on pi.variances to rpt;

insert into sitescope.projects (project,mailserver_name,description) values('TARGET_VARIANCE','mailserver.ftdi.com',
'Email dist gruop for PI target variance emails');
INSERT INTO SITESCOPE.PAGERS (PAGERS.PROJECT, PAGERS.PAGER_NUMBER) VALUES('TARGET_VARIANCE','target_price_variance@ftdi.com');


### Laura's backed out Target Changes ###

CREATE TABLE ftd_apps.partner_shipping_accounts (
    vendor_id        varchar2(5)     not null,
    carrier_id       varchar2(10)    not null,
    PARTNER_ID       VARCHAR2(32)    NOT NULL, 
    ACCOUNT_NUM      VARCHAR2(10), 
    validation_regex VARCHAR2(32), 
 CONSTRAINT partner_shipping_accounts_PK primary key (vendor_id,carrier_id,partner_id) 
            USING INDEX  TABLESPACE ftd_apps_INDX,
 CONSTRAINT partner_shipping_accounts_fk1 FOREIGN KEY(vendor_id) REFERENCES ftd_apps.vendor_master(vendor_ID), 
 CONSTRAINT partner_shipping_accounts_fk2 FOREIGN KEY(carrier_id) REFERENCES venus.carriers(carrier_id)) 
 TABLESPACE ftd_apps_DATA;           

CREATE INDEX ftd_apps.partner_shipping_accounts_n2 on ftd_apps.partner_shipping_accounts (carrier_id)    TABLESPACE ftd_apps_indx;
            
COMMENT ON TABLE ftd_apps.partner_shipping_accounts IS 'Stores the partner specific account number for each vendor.  Example: Target wants to control the shipping account number we use to ship packages for Target';
COMMENT ON COLUMN ftd_apps.partner_shipping_accounts.PARTNER_ID IS 'partner id WLMT (Walmart) or AMZNI (Amazon) is the origin id of the order';
COMMENT ON COLUMN ftd_apps.partner_shipping_accounts.validation_regex IS 'Regular expression used for html validation';


CREATE TABLE ftd_apps.default_shipping_accounts (
    carrier_id       varchar2(10)    not null,
    PARTNER_ID       VARCHAR2(32)    NOT NULL, 
    ACCOUNT_NUM      VARCHAR2(10), 
    validation_regex VARCHAR2(32), 
 CONSTRAINT default_shipping_accounts_PK primary key (carrier_id,partner_id) 
            USING INDEX  TABLESPACE ftd_apps_INDX,
 CONSTRAINT default_shipping_accounts_fk1 FOREIGN KEY(carrier_id) REFERENCES venus.carriers(carrier_id)) 
 TABLESPACE ftd_apps_DATA;           

CREATE INDEX ftd_apps.default_shipping_accounts_n1 on ftd_apps.default_shipping_accounts (carrier_id)    TABLESPACE ftd_apps_indx;
            
COMMENT ON TABLE ftd_apps.default_shipping_accounts IS 'These are the shipping accounts that will be automatically added when we add a vendor.';
COMMENT ON COLUMN ftd_apps.default_shipping_accounts.PARTNER_ID IS 'partner id WLMT (Walmart) or AMZNI (Amazon) is the origin id of the order';
COMMENT ON COLUMN ftd_apps.default_shipping_accounts.validation_regex IS 'Regular expression used for html validation';


grant references on pi.partners to ftd_apps;


CREATE TABLE ftd_apps.partner_products (
    product_subcode_id     varchar2(10)  not null,
    PARTNER_ID             VARCHAR2(32), 
    wholesale_price_amt    number(9,2), 
    available_flag         VARCHAR2(1) default 'N' not null, 
 CONSTRAINT partner_products_PK primary key (product_subcode_id,partner_id) 
            USING INDEX  TABLESPACE ftd_apps_INDX,
 CONSTRAINT partner_products_fk1 FOREIGN KEY(partner_id) REFERENCES pi.partners(partner_id)) 
 TABLESPACE ftd_apps_DATA;           

CREATE INDEX ftd_apps.partner_products_n1 on ftd_apps.partner_products (partner_id)    TABLESPACE ftd_apps_indx;
            
COMMENT ON COLUMN ftd_apps.partner_products.product_subcode_id IS 'can be the oroduct id or the subcode id ';

grant select on ftd_apps.partner_products to pi;     

SET DEFINE OFF

-- MKT04 Partner Orders by SKU
**** if deploying to QA, use "http://illiad-prod.ftdi.com:7779/reports/rwservlet?" for the server_name ****** 
-- insert into rpt.report table for the MKT04_Partner_Orders_by_SKU report
Insert into RPT.REPORT (
	"REPORT_ID",
	"NAME",
	"DESCRIPTION",
	"REPORT_FILE_PREFIX",
	"REPORT_TYPE",
	"REPORT_OUTPUT_TYPE",
	"REPORT_CATEGORY",
	"SERVER_NAME",
	"HOLIDAY_INDICATOR",
	"STATUS",
	"CREATED_ON",
	"CREATED_BY",
	"UPDATED_ON",
	"UPDATED_BY",
	"ORACLE_RDF",
	"REPORT_DAYS_SPAN",
	"NOTES",
	"ACL_NAME",
	"RETENTION_DAYS",
	"RUN_TIME_OFFSET",
	"END_OF_DAY_REQUIRED",
	"SCHEDULE_DAY",
	"SCHEDULE_TYPE",
	"SCHEDULE_PARM_VALUE") 
values (
	100505,
	'Partner Orders by SKU Report',
	'The Partner Orders by SKU report is an ad-hoc summary report that can be executed for any order taken date or delivery date or ship date.  The report will show count of orders per product sku that are processed, printed or shipped for an origin and for a given time frame specified by the user.',
	'Partner_Orders_by_SKU',
	'U',
	'Char',
	'Acct',
	'http://apolloreports.ftdi.com/reports/rwservlet?',
	'Y',
	'Active',
	sysdate,
	'ddesai',
	sysdate,
	'ddesai',
	'MKT04_Partner_Orders_by_SKU.rdf',
	null,
	null,
	'AcctMktgReportAccess',
	10,
	120,
	'N',
	null,
	null,
	null);

-- insert into rpt.report_parm table for the MKT04_Partner_Orders_by_SKU report
Insert into RPT.REPORT_PARM (
	"REPORT_PARM_ID",
	"DISPLAY_NAME",
	"REPORT_PARM_TYPE",
	"ORACLE_PARM_NAME",
	"CREATED_ON",
	"CREATED_BY",
	"UPDATED_ON",
	"UPDATED_BY",
	"VALIDATION")
values (
	100506,
	'Run Date',
	'TE',
	'p_run_date',
	sysdate,
	'ddesai',
	sysdate,
	'ddesai',
	'SingleDate');
	
Insert into RPT.REPORT_PARM (
	"REPORT_PARM_ID",
	"DISPLAY_NAME",
	"REPORT_PARM_TYPE",
	"ORACLE_PARM_NAME",
	"CREATED_ON",
	"CREATED_BY",
	"UPDATED_ON",
	"UPDATED_BY",
	"VALIDATION")
values (
	100507,
	'Date Type',
	'R',
	'p_date_type',
	sysdate,
	'ddesai',
	sysdate,
	'ddesai',
	null);

Insert into RPT.REPORT_PARM (
	"REPORT_PARM_ID",
	"DISPLAY_NAME",
	"REPORT_PARM_TYPE",
	"ORACLE_PARM_NAME",
	"CREATED_ON",
	"CREATED_BY",
	"UPDATED_ON",
	"UPDATED_BY",
	"VALIDATION")
values (
	100508,
	'Origin ID',
	'S',
	'p_origin_id',
	sysdate,
	'ddesai',
	sysdate,
	'ddesai',
	null);
	
-- insert into rpt.report_parm_ref table for the MKT04_Partner_Orders_by_SKU report
Insert into RPT.REPORT_PARM_REF (
	"REPORT_PARM_ID",
	"REPORT_ID",
	"SORT_ORDER",
	"REQUIRED_INDICATOR",
	"CREATED_ON",
	"CREATED_BY",
	"ALLOW_FUTURE_DATE_IND") 
values (
	100506,
	100505,
	1,
	'Y',
	sysdate,
	'ddesai',
	'Y');
	
Insert into RPT.REPORT_PARM_REF (
	"REPORT_PARM_ID",
	"REPORT_ID",
	"SORT_ORDER",
	"REQUIRED_INDICATOR",
	"CREATED_ON",
	"CREATED_BY",
	"ALLOW_FUTURE_DATE_IND") 
values (
	100507,
	100505,
	2,
	'Y',
	sysdate,
	'ddesai',
	null);
	
Insert into RPT.REPORT_PARM_REF (
	"REPORT_PARM_ID",
	"REPORT_ID",
	"SORT_ORDER",
	"REQUIRED_INDICATOR",
	"CREATED_ON",
	"CREATED_BY",
	"ALLOW_FUTURE_DATE_IND") 
values (
	100508,
	100505,
	3,
	'Y',
	sysdate,
	'ddesai',
	null);

-- insert into rpt.report_parm_value table for the MKT04_Partner_Orders_by_SKU report
Insert into RPT.REPORT_PARM_VALUE (	
	"REPORT_PARM_VALUE_ID",
	"CREATED_ON",
	"CREATED_BY",
	"UPDATED_ON",
	"UPDATED_BY",
	"DISPLAY_TEXT",
	"DB_STATEMENT_ID",
	"DEFAULT_FORM_VALUE")
values (
	1005061,
	sysdate,
	'ddesai',
	sysdate,
	'ddesai',
	'SINGLE_DATE_TEMPLATE',
	null,
	0); 
	
Insert into RPT.REPORT_PARM_VALUE (	
	"REPORT_PARM_VALUE_ID",
	"CREATED_ON",
	"CREATED_BY",
	"UPDATED_ON",
	"UPDATED_BY",
	"DISPLAY_TEXT",
	"DB_STATEMENT_ID",
	"DEFAULT_FORM_VALUE")
values (
	1005071,
	sysdate,
	'ddesai',
	sysdate,
	'ddesai',
	'Order Taken',
	null,
	'O');
	
Insert into RPT.REPORT_PARM_VALUE (	
	"REPORT_PARM_VALUE_ID",
	"CREATED_ON",
	"CREATED_BY",
	"UPDATED_ON",
	"UPDATED_BY",
	"DISPLAY_TEXT",
	"DB_STATEMENT_ID",
	"DEFAULT_FORM_VALUE")
values (
	1005072,
	sysdate,
	'ddesai',
	sysdate,
	'ddesai',
	'Ship',
	null,
	'S');	
	
Insert into RPT.REPORT_PARM_VALUE (	
	"REPORT_PARM_VALUE_ID",
	"CREATED_ON",
	"CREATED_BY",
	"UPDATED_ON",
	"UPDATED_BY",
	"DISPLAY_TEXT",
	"DB_STATEMENT_ID",
	"DEFAULT_FORM_VALUE")
values (
	1005073,
	sysdate,
	'ddesai',
	sysdate,
	'ddesai',
	'Delivery', 
	null,
	'D');	
	
Insert into RPT.REPORT_PARM_VALUE (	
	"REPORT_PARM_VALUE_ID",
	"CREATED_ON",
	"CREATED_BY",
	"UPDATED_ON",
	"UPDATED_BY",
	"DISPLAY_TEXT",
	"DB_STATEMENT_ID",
	"DEFAULT_FORM_VALUE")
values (
	1005081,
	sysdate,
	'ddesai',
	sysdate,
	'ddesai',
	null,
	'GET_PARTNER_ORIGIN_ID', -- this is a new proc that needs to be created using ftd_apps.origins.partner_report_flag
	null);

-- insert into rpt.report_parm_value_ref table for the MKT04_Partner_Orders_by_SKU report
Insert into RPT.REPORT_PARM_VALUE_REF (
	"REPORT_PARM_ID",
	"REPORT_PARM_VALUE_ID",
	"SORT_ORDER",
	"CREATED_ON",
	"CREATED_BY")
values (
	100506,
	1005061,
	1,
	sysdate,
	'ddesai');
	
Insert into RPT.REPORT_PARM_VALUE_REF (
	"REPORT_PARM_ID",
	"REPORT_PARM_VALUE_ID",
	"SORT_ORDER",
	"CREATED_ON",
	"CREATED_BY")
values (
	100507,
	1005071,
	1,
	sysdate,
	'ddesai');
	
Insert into RPT.REPORT_PARM_VALUE_REF (
	"REPORT_PARM_ID",
	"REPORT_PARM_VALUE_ID",
	"SORT_ORDER",
	"CREATED_ON",
	"CREATED_BY")
values (
	100507,
	1005072,
	2,
	sysdate,
	'ddesai');
	
Insert into RPT.REPORT_PARM_VALUE_REF (
	"REPORT_PARM_ID",
	"REPORT_PARM_VALUE_ID",
	"SORT_ORDER",
	"CREATED_ON",
	"CREATED_BY")
values (
	100507,
	1005073,
	3,
	sysdate,
	'ddesai');	
	
Insert into RPT.REPORT_PARM_VALUE_REF (
	"REPORT_PARM_ID",
	"REPORT_PARM_VALUE_ID",
	"SORT_ORDER",
	"CREATED_ON",
	"CREATED_BY")
values (
	100508,
	1005081,
	1,
	sysdate,
	'ddesai');			
	
-- PDST Report Changes 
**** if deploying to QA, use "http://illiad-prod.ftdi.com:7779/reports/rwservlet?" for the server_name ****** 
-- Include a new entry for "Daily Scheduled" version of PDST report for TARGET ONLY.
Insert into RPT.REPORT (
	"REPORT_ID",
	"NAME",
	"DESCRIPTION",
	"REPORT_FILE_PREFIX",
	"REPORT_TYPE",
	"REPORT_OUTPUT_TYPE",
	"REPORT_CATEGORY",
	"SERVER_NAME",
	"HOLIDAY_INDICATOR",
	"STATUS",
	"CREATED_ON",
	"CREATED_BY",
	"UPDATED_ON",
	"UPDATED_BY",
	"ORACLE_RDF",
	"REPORT_DAYS_SPAN",
	"NOTES",
	"ACL_NAME",
	"RETENTION_DAYS",
	"RUN_TIME_OFFSET",
	"END_OF_DAY_REQUIRED",
	"SCHEDULE_DAY",
	"SCHEDULE_TYPE",
	"SCHEDULE_PARM_VALUE") 
values (
	1008062,
	'PDST Report Target Only (Daily)',
	'This is a summary report showing all Target products that had sales activity for a given day.  The days are cumulative for the current month.  This report will run as part of End of Day reports processing.',
	'PDST_Report_Target_Daily',
	'S',
	'Char',
	'Merch',
	'http://apolloreports.ftdi.com/reports/rwservlet?',
	'Y',
	'Active',
	sysdate,
	'ddesai',
	sysdate,
	'ddesai',
	'MERAD06_PDST.rdf',
	null,
	null,
	'AcctMerchReportAccess',
	10,
	120,
	'Y',
	null,
	'D',
	'&p_origin_code=TARGI');
	
-- insert into rpt.report_parm_ref table for PDST report for the existing Origin ID parameter
Insert into RPT.REPORT_PARM_REF (
	"REPORT_PARM_ID",
	"REPORT_ID",
	"SORT_ORDER",
	"REQUIRED_INDICATOR",
	"CREATED_ON",
	"CREATED_BY",
	"ALLOW_FUTURE_DATE_IND") 
values (
	100201,
	100806,
	3,
	'Y',
	sysdate,
	'ddesai',
	null);

-- Orders Delivered by Ship to State Changes
-- update the existing entry in RPT.REPORT for ACC08
UPDATE rpt.report
   SET description = 'This monthly report is automatically executed on the first day of each month to outline all orders delivered by ship-to location sorted for the entire previous month (first day through last day of month) and displays a summary of these orders first by US State, then by Canadian Province, and finally grouping all International orders together.  The month end report will create 3 copies: (1) All Origins (2) Wal-Mart (WLMTI) only, and (3) Target only (TARGI). '
 WHERE report_id in (100208, 1002081, 1002082);
 
-- insert a new entry for the month end report for TARGI only
**** if deploying to QA, use "http://illiad-prod.ftdi.com:7779/reports/rwservlet?" for the server_name ****** 
Insert into RPT.REPORT (
	"REPORT_ID",
	"NAME",
	"DESCRIPTION",
	"REPORT_FILE_PREFIX",
	"REPORT_TYPE",
	"REPORT_OUTPUT_TYPE",
	"REPORT_CATEGORY",
	"SERVER_NAME",
	"HOLIDAY_INDICATOR",
	"STATUS",
	"CREATED_ON",
	"CREATED_BY",
	"UPDATED_ON",
	"UPDATED_BY",
	"ORACLE_RDF",
	"REPORT_DAYS_SPAN",
	"NOTES",
	"ACL_NAME",
	"RETENTION_DAYS",
	"RUN_TIME_OFFSET",
	"END_OF_DAY_REQUIRED",
	"SCHEDULE_DAY",
	"SCHEDULE_TYPE",
	"SCHEDULE_PARM_VALUE") 
values (
	1002083,
	'Orders Delivered By Ship-To State (Target)',
	'This monthly report is automatically executed on the first day of each month to outline all orders delivered by ship-to location sorted for the entire previous month (first day through last day of month) and displays a summary of these orders first by US State, then by Canadian Province, and finally grouping all International orders together.  The month end report will create 3 copies: (1) All Origins (2) Wal-Mart (WLMTI) only, and (3) Target only (TARGI). ',
	'Orders_Dlv_Ship_State_Target',
	'S',
	'Both',
	'Acct',
	'http://apolloreports.ftdi.com/reports/rwservlet?',
	'Y',
	'Active',
	sysdate,
	'ddesai',
	sysdate,
	'ddesai',
	'ACC08_Orders_Delivered_by_Ship_To_State.rdf',
	null,
	null,
	'BaseAcctReportAccess',
	10,
	135,
	'Y',
	'01',
	'M',
	'&p_origin_code=TARGI');	
	
-- Refunds by Ship-To State Changes
-- update the existing entry in RPT.REPORT for ACC09
UPDATE rpt.report
    SET description = 'This monthly report is automatically executed on the first day of each month to outline all refunds for the entire previous month (first day through last day of month) and displays a summary of these orders first by US State, then by Canadian Province, and finally grouping all International orders together. The month end report will create 3 copies: (1) All Origins (2) Wal-Mart (WLMTI) only, and (3) Target only (TARGI). '
  WHERE report_id in (100209, 1002091, 1002092);

**** if deploying to QA, use "http://illiad-prod.ftdi.com:7779/reports/rwservlet?" for the server_name ****** 
-- insert a new entry for the month end report for TARGI only
Insert into RPT.REPORT (
 	"REPORT_ID",
 	"NAME",
 	"DESCRIPTION",
 	"REPORT_FILE_PREFIX",
 	"REPORT_TYPE",
 	"REPORT_OUTPUT_TYPE",
 	"REPORT_CATEGORY",
 	"SERVER_NAME",
 	"HOLIDAY_INDICATOR",
 	"STATUS",
 	"CREATED_ON",
 	"CREATED_BY",
 	"UPDATED_ON",
 	"UPDATED_BY",
 	"ORACLE_RDF",
 	"REPORT_DAYS_SPAN",
 	"NOTES",
 	"ACL_NAME",
 	"RETENTION_DAYS",
 	"RUN_TIME_OFFSET",
 	"END_OF_DAY_REQUIRED",
 	"SCHEDULE_DAY",
 	"SCHEDULE_TYPE",
 	"SCHEDULE_PARM_VALUE") 
 values (
 	1002093,
 	'Refunds By Ship-To State (Target)',
 	'This monthly report is automatically executed on the first day of each month to outline all refunds for the entire previous month (first day through last day of month) and displays a summary of these orders first by US State, then by Canadian Province, and finally grouping all International orders together. The month end report will create 3 copies: (1) All Origins (2) Wal-Mart (WLMTI) only, and (3) Target only (TARGI). ',
 	'Refunds_By_Ship_State_Target',
 	'S',
 	'Both',
 	'Acct',
 	'http://apolloreports.ftdi.com/reports/rwservlet?', 
 	'Y',
 	'Active',
 	sysdate,
 	'ddesai',
 	sysdate,
 	'ddesai',
 	'ACC09_Refunds_by_Ship_to_State.rdf',
 	null,
 	null,
 	'BaseAcctReportAccess',
 	10,
 	139,
 	'N',
 	'01',
 	'M',
	'&p_origin_code=TARGI');	

-- Deferred Revenue Report Changes

**** if deploying to QA, use "http://illiad-prod.ftdi.com:7779/reports/rwservlet?" for the server_name ****** 
-- insert a new entry for the ad-hoc version of this report
Insert into RPT.REPORT (
 	"REPORT_ID",
 	"NAME",
 	"DESCRIPTION",
 	"REPORT_FILE_PREFIX",
 	"REPORT_TYPE",
 	"REPORT_OUTPUT_TYPE",
 	"REPORT_CATEGORY",
 	"SERVER_NAME",
 	"HOLIDAY_INDICATOR",
 	"STATUS",
 	"CREATED_ON",
 	"CREATED_BY",
 	"UPDATED_ON",
 	"UPDATED_BY",
 	"ORACLE_RDF",
 	"REPORT_DAYS_SPAN",
 	"NOTES",
 	"ACL_NAME",
 	"RETENTION_DAYS",
 	"RUN_TIME_OFFSET",
 	"END_OF_DAY_REQUIRED",
 	"SCHEDULE_DAY",
 	"SCHEDULE_TYPE",
 	"SCHEDULE_PARM_VALUE") 
 values (
 	100233,
 	'Deferred Revenue',
 	'This monthly report is automatically executed on the first day of each month to outline all order transactions taken through the end of the previous month and displays a summary of these orders by their scheduled delivery dates. ',
 	'Deferred_Revenue',
 	'U',
 	'Both',
 	'Acct',
 	'http://apolloreports.ftdi.com/reports/rwservlet?', 
 	'Y',
 	'Active',
 	sysdate,
 	'ddesai',
 	sysdate,
 	'ddesai',
 	'ACC32_Deferred_Revenue.rdf',
 	null,
 	null,
 	'ShowScheduledReport',
 	10,
 	120,
 	'N',
 	null,
 	null,
	null);
	
**** if deploying to QA, use "http://illiad-prod.ftdi.com:7779/reports/rwservlet?" for the server_name ****** 
-- insert a new entry for the monthly scheduled version of this report for ALL origins
Insert into RPT.REPORT (
 	"REPORT_ID",
 	"NAME",
 	"DESCRIPTION",
 	"REPORT_FILE_PREFIX",
 	"REPORT_TYPE",
 	"REPORT_OUTPUT_TYPE",
 	"REPORT_CATEGORY",
 	"SERVER_NAME",
 	"HOLIDAY_INDICATOR",
 	"STATUS",
 	"CREATED_ON",
 	"CREATED_BY",
 	"UPDATED_ON",
 	"UPDATED_BY",
 	"ORACLE_RDF",
 	"REPORT_DAYS_SPAN",
 	"NOTES",
 	"ACL_NAME",
 	"RETENTION_DAYS",
 	"RUN_TIME_OFFSET",
 	"END_OF_DAY_REQUIRED",
 	"SCHEDULE_DAY",
 	"SCHEDULE_TYPE",
 	"SCHEDULE_PARM_VALUE") 
 values (
 	1002331,
 	'Deferred Revenue (All)',
 	'This monthly report is automatically executed on the first day of each month to outline all order transactions taken through the end of the previous month and displays a summary of these orders by their scheduled delivery dates. ',
 	'Deferred_Revenue_ALL',
 	'S',
 	'Both',
 	'Acct',
 	'http://apolloreports.ftdi.com/reports/rwservlet?', 
 	'Y',
 	'Active',
 	sysdate,
 	'ddesai',
 	sysdate,
 	'ddesai',
 	'ACC32_Deferred_Revenue.rdf',
 	null,
 	null,
 	'AcctCustReportAccess',
 	10,
 	190,
 	'N',
 	'01',
 	'M',
	'&p_origin_code=ALL');	
	
-- ACC36 Target Price Variance Report Changes

**** if deploying to QA, use "http://illiad-prod.ftdi.com:7779/reports/rwservlet?" for the server_name ****** 
-- insert a new entry for the ad-hoc version of this report
Insert into RPT.REPORT (
 	"REPORT_ID",
 	"NAME",
 	"DESCRIPTION",
 	"REPORT_FILE_PREFIX",
 	"REPORT_TYPE",
 	"REPORT_OUTPUT_TYPE",
 	"REPORT_CATEGORY",
 	"SERVER_NAME",
 	"HOLIDAY_INDICATOR",
 	"STATUS",
 	"CREATED_ON",
 	"CREATED_BY",
 	"UPDATED_ON",
 	"UPDATED_BY",
 	"ORACLE_RDF",
 	"REPORT_DAYS_SPAN",
 	"NOTES",
 	"ACL_NAME",
 	"RETENTION_DAYS",
 	"RUN_TIME_OFFSET",
 	"END_OF_DAY_REQUIRED",
 	"SCHEDULE_DAY",
 	"SCHEDULE_TYPE",
 	"SCHEDULE_PARM_VALUE") 
 values (
 	100236,
 	'Price Variance Report Target',
 	'This report will be used to identify differences between FTD.COM''s expected price and the price received on order files from partners.',
 	'Price_Variance_Target',
 	'U',
 	'Both',
 	'Acct',
 	'http://apolloreports.ftdi.com/reports/rwservlet?', 
 	'Y',
 	'Active',
 	sysdate,
 	'ddesai',
 	sysdate,
 	'ddesai',
 	'ACC36_Target_Price_Variance.rdf',
 	31,
 	'Date range cannot exceed 31 days',
 	'AcctMktgReportAccess',
 	10,
 	120,
 	'Y',
 	null,
 	null,
	null);

-- insert into rpt.report_parm table for the ACC36_Target_Price_Variance report
Insert into RPT.REPORT_PARM (
	"REPORT_PARM_ID",
	"DISPLAY_NAME",
	"REPORT_PARM_TYPE",
	"ORACLE_PARM_NAME",
	"CREATED_ON",
	"CREATED_BY",
	"UPDATED_ON",
	"UPDATED_BY",
	"VALIDATION")
values (
	100236,
	'Date Type',
	'R',
	'p_date_type',
	sysdate,
	'ddesai',
	sysdate,
	'ddesai',
	null);
	
-- insert into rpt.report_parm_ref table for the ACC36_Target_Price_Variance report
Insert into RPT.REPORT_PARM_REF (
	"REPORT_PARM_ID",
	"REPORT_ID",
	"SORT_ORDER",
	"REQUIRED_INDICATOR",
	"CREATED_ON",
	"CREATED_BY",
	"ALLOW_FUTURE_DATE_IND") 
values (
	100236,
	100236,
	1,
	'Y',
	sysdate,
	'ddesai',
	null);
	
Insert into RPT.REPORT_PARM_REF (
	"REPORT_PARM_ID",
	"REPORT_ID",
	"SORT_ORDER",
	"REQUIRED_INDICATOR",
	"CREATED_ON",
	"CREATED_BY",
	"ALLOW_FUTURE_DATE_IND") 
values (
	100402,
	100236,
	2,
	'Y',
	sysdate,
	'ddesai',
	'Y');

-- insert into rpt.report_parm_value table for the ACC36_Target_Price_Variance report
Insert into RPT.REPORT_PARM_VALUE (	
	"REPORT_PARM_VALUE_ID",
	"CREATED_ON",
	"CREATED_BY",
	"UPDATED_ON",
	"UPDATED_BY",
	"DISPLAY_TEXT",
	"DB_STATEMENT_ID",
	"DEFAULT_FORM_VALUE")
values (
	1002361,
	sysdate,
	'ddesai',
	sysdate,
	'ddesai',
	'Order Taken',
	null,
	'OT'); 
	
Insert into RPT.REPORT_PARM_VALUE (	
	"REPORT_PARM_VALUE_ID",
	"CREATED_ON",
	"CREATED_BY",
	"UPDATED_ON",
	"UPDATED_BY",
	"DISPLAY_TEXT",
	"DB_STATEMENT_ID",
	"DEFAULT_FORM_VALUE")
values (
	1002362,
	sysdate,
	'ddesai',
	sysdate,
	'ddesai',
	'Order Billed',
	null,
	'OB');

-- insert into rpt.report_parm_value_ref table for the ACC36_Target_Price_Variance report
Insert into RPT.REPORT_PARM_VALUE_REF (
	"REPORT_PARM_ID",
	"REPORT_PARM_VALUE_ID",
	"SORT_ORDER",
	"CREATED_ON",
	"CREATED_BY")
values (
	100236,
	1002361,
	1,
	sysdate,
	'ddesai');
	
Insert into RPT.REPORT_PARM_VALUE_REF (
	"REPORT_PARM_ID",
	"REPORT_PARM_VALUE_ID",
	"SORT_ORDER",
	"CREATED_ON",
	"CREATED_BY")
values (
	100236,
	1002362,
	2,
	sysdate,
	'ddesai');
	
**** if deploying to QA, use "http://illiad-prod.ftdi.com:7779/reports/rwservlet?" for the server_name ****** 
-- insert a new entry for the monthly scheduled version of this report for billed date range for that month
Insert into RPT.REPORT (
 	"REPORT_ID",
 	"NAME",
 	"DESCRIPTION",
 	"REPORT_FILE_PREFIX",
 	"REPORT_TYPE",
 	"REPORT_OUTPUT_TYPE",
 	"REPORT_CATEGORY",
 	"SERVER_NAME",
 	"HOLIDAY_INDICATOR",
 	"STATUS",
 	"CREATED_ON",
 	"CREATED_BY",
 	"UPDATED_ON",
 	"UPDATED_BY",
 	"ORACLE_RDF",
 	"REPORT_DAYS_SPAN",
 	"NOTES",
 	"ACL_NAME",
 	"RETENTION_DAYS",
 	"RUN_TIME_OFFSET",
 	"END_OF_DAY_REQUIRED",
 	"SCHEDULE_DAY",
 	"SCHEDULE_TYPE",
 	"SCHEDULE_PARM_VALUE") 
 values (
 	1002361,
 	'Price Variance Report Target (Monthly)',
 	'This monthly report is automatically executed on the first day of each month to identify differences between FTD.COM''s expected price and the price received on order files from partners. Lists all the orders billed in the previous month. ',
 	'Price_Variance_Target',
 	'S',
 	'Both',
 	'Acct',
 	'http://apolloreports.ftdi.com/reports/rwservlet?', 
 	'Y',
 	'Active',
 	sysdate,
 	'ddesai',
 	sysdate,
 	'ddesai',
 	'ACC36_Target_Price_Variance.rdf',
 	null,
 	null,
 	'AcctMktgReportAccess',
 	10,
 	192,
 	'N',
 	'01',
 	'M',
	'&p_date_type=OB');	

-- ACC37 Target Remittance Report Changes

**** if deploying to QA, use "http://illiad-prod.ftdi.com:7779/reports/rwservlet?" for the server_name ****** 
-- insert a new entry for the ad-hoc version of this report
Insert into RPT.REPORT (
 	"REPORT_ID",
 	"NAME",
 	"DESCRIPTION",
 	"REPORT_FILE_PREFIX",
 	"REPORT_TYPE",
 	"REPORT_OUTPUT_TYPE",
 	"REPORT_CATEGORY",
 	"SERVER_NAME",
 	"HOLIDAY_INDICATOR",
 	"STATUS",
 	"CREATED_ON",
 	"CREATED_BY",
 	"UPDATED_ON",
 	"UPDATED_BY",
 	"ORACLE_RDF",
 	"REPORT_DAYS_SPAN",
 	"NOTES",
 	"ACL_NAME",
 	"RETENTION_DAYS",
 	"RUN_TIME_OFFSET",
 	"END_OF_DAY_REQUIRED",
 	"SCHEDULE_DAY",
 	"SCHEDULE_TYPE",
 	"SCHEDULE_PARM_VALUE") 
 values (
 	100237,
 	'Remittance Report Target',
 	'This report will be used to outline the contents of the Target Remittance processed file for a given Remittance Number or Remittance Date Range.',
 	'Remittance_Target',
 	'U',
 	'Both',
 	'Acct',
 	'http://apolloreports.ftdi.com/reports/rwservlet?', 
 	'Y',
 	'Active',
 	sysdate,
 	'ddesai',
 	sysdate,
 	'ddesai',
 	'ACC37_Remittance_Target.rdf',
 	31,
 	'If the Remittance Number is provided, then the report runs by Remittance Number, ignoring the Remittance Date Range. Otherwise it shall use the Remittance Date Range that is provided. Date range cannot exceed 31 days and is required.',
 	'BaseAcctReportAccess',
 	10,
 	120,
 	'N',
 	null,
 	null,
	null);

-- insert into rpt.report_parm table for the ACC37_Remittance_Target report
Insert into RPT.REPORT_PARM (
	"REPORT_PARM_ID",
	"DISPLAY_NAME",
	"REPORT_PARM_TYPE",
	"ORACLE_PARM_NAME",
	"CREATED_ON",
	"CREATED_BY",
	"UPDATED_ON",
	"UPDATED_BY",
	"VALIDATION")
values (
	100237,
	'Remittance Number',
	'T',
	'p_remittance_number',
	sysdate,
	'ddesai',
	sysdate,
	'ddesai',
	null);
	
-- insert into rpt.report_parm_ref table for the ACC37_Remittance_Target report
Insert into RPT.REPORT_PARM_REF (
	"REPORT_PARM_ID",
	"REPORT_ID",
	"SORT_ORDER",
	"REQUIRED_INDICATOR",
	"CREATED_ON",
	"CREATED_BY",
	"ALLOW_FUTURE_DATE_IND") 
values (
	100237,
	100237,
	1,
	'N',
	sysdate,
	'ddesai',
	null);
	
Insert into RPT.REPORT_PARM_REF (
	"REPORT_PARM_ID",
	"REPORT_ID",
	"SORT_ORDER",
	"REQUIRED_INDICATOR",
	"CREATED_ON",
	"CREATED_BY",
	"ALLOW_FUTURE_DATE_IND") 
values (
	100402,
	100237,
	2,
	'Y',
	sysdate,
	'ddesai',
	'Y');	

SET DEFINE ON; 

--########## TARGET SECURE PARAMETERS ##########
INSERT INTO FRP.SECURE_CONFIG (CONTEXT, NAME, VALUE, DESCRIPTION, CREATED_BY, CREATED_ON, UPDATED_BY, UPDATED_ON, key_name)
VALUES('partner_integration','FTP_LOGIN_TARGET',global.encryption.encrypt_it('ftd','ORCL_CCNUM_2007'),
'Target FTP server login', 'defect 1809',sysdate,'defect 1809',sysdate,'ORCL_CCNUM_2007');
INSERT INTO FRP.SECURE_CONFIG (CONTEXT, NAME, VALUE, DESCRIPTION, CREATED_BY, CREATED_ON, UPDATED_BY, UPDATED_ON, key_name)
VALUES('partner_integration','FTP_PASSWORD_TARGET',global.encryption.encrypt_it('Fl0w3rs','ORCL_CCNUM_2007'),
'Target FTP server password', 'defect 1809',sysdate,'defect 1809', sysdate,'ORCL_CCNUM_2007');
INSERT INTO FRP.SECURE_CONFIG (CONTEXT, NAME, VALUE, DESCRIPTION, CREATED_BY, CREATED_ON, UPDATED_BY, UPDATED_ON, key_name)
VALUES('partner_integration','FTP_PSEUDO_LOGIN_TARGET',global.encryption.encrypt_it('reports','ORCL_CCNUM_2007'),
'Pretend Target FTP server login (test harness)', 'defect 1809', sysdate,'defect 1809',sysdate,'ORCL_CCNUM_2007');
INSERT INTO FRP.SECURE_CONFIG (CONTEXT, NAME, VALUE, DESCRIPTION, CREATED_BY, CREATED_ON, UPDATED_BY, UPDATED_ON, key_name)
VALUES('partner_integration','FTP_PSEUDO_PASSWORD_TARGET',global.encryption.encrypt_it('reports','ORCL_CCNUM_2007'),
'Pretend Target FTP server password (test harness)', 'defect 1809',sysdate,'defect 1809',sysdate,'ORCL_CCNUM_2007'); 

########## TARGET GLOBAL PARAMETERS ##########
INSERT INTO FRP.GLOBAL_PARMS (CONTEXT, NAME, VALUE, CREATED_BY, CREATED_ON, UPDATED_BY, UPDATED_ON) 
VALUES('partner_integration','COMM_ERROR_DELAY_MINUTES', '5','defect 1809',sysdate,'defect 1809',sysdate);
INSERT INTO FRP.GLOBAL_PARMS (CONTEXT, NAME, VALUE, CREATED_BY, CREATED_ON, UPDATED_BY, UPDATED_ON) VALUES
('partner_integration','FTP_ERROR_DELAY_MINUTES', '30','defect 1809',sysdate,'defect 1809',sysdate);
INSERT INTO FRP.GLOBAL_PARMS (CONTEXT, NAME, VALUE, CREATED_BY, CREATED_ON, UPDATED_BY, UPDATED_ON) VALUES
('partner_integration',
'ORDER_GATHERER_CANCEL_URL','http://consumer.ftdi.com/OG/servlet/OrderCancelServlet','defect 1809',sysdate,'defect 1809',
sysdate);
INSERT INTO FRP.GLOBAL_PARMS (CONTEXT, NAME, VALUE, CREATED_BY, CREATED_ON, UPDATED_BY, UPDATED_ON) VALUES
('partner_integration','ORDER_GATHERER_ORDER_URL',
'http://consumer.ftdi.com/OG/servlet/OrderGatherer','defect 1809',sysdate,'defect 1809',sysdate);
INSERT INTO FRP.GLOBAL_PARMS (CONTEXT, NAME, VALUE, CREATED_BY, CREATED_ON, UPDATED_BY, UPDATED_ON)VALUES ('partner_integration',
'MAIN_MENU_URL','http://consumer.ftdi.com/secadmin/security/Main.do','defect 1809',sysdate,'defect 1809',sysdate);
 
grant select on pi.partners to ftd_apps;


CREATE TABLE PI.OUTBOUND_MSG_DETAIL_PROPERTIES 
    (OUTBOUND_MSG_DETAIL_ID     NUMBER(22)      NOT NULL, 
     PROPERTY_NAME              VARCHAR2(100)   NOT NULL, 
     PROPERTY_VALUE             VARCHAR2(4000)  NOT NULL,
  CONSTRAINT OUTBOUND_MSG_DTL_PROP_PK    PRIMARY KEY (OUTBOUND_MSG_DETAIL_ID, PROPERTY_NAME) 
            USING INDEX  TABLESPACE pi_INDX,
  CONSTRAINT OUTBOUND_MSG_DTL_PROP_FK1   FOREIGN KEY (OUTBOUND_MSG_DETAIL_ID) REFERENCES PI.OUTBOUND_MSG_DETAIL 
(OUTBOUND_MSG_DETAIL_ID)) TABLESPACE PI_DATA;

COMMENT ON TABLE pi.OUTBOUND_MSG_DETAIL_PROPERTIES IS 
'Records containing detailed message properties that are specific to a partner.'; 
COMMENT ON COLUMN pi.OUTBOUND_MSG_DETAIL_PROPERTIES.OUTBOUND_MSG_DETAIL_ID  IS  'FROM PI.OUTBOUND_MSG_DETAIL'; 
COMMENT ON COLUMN pi.OUTBOUND_MSG_DETAIL_PROPERTIES.PROPERTY_NAME iS 'Name of property'; 
COMMENT ON COLUMN pi.OUTBOUND_MSG_DETAIL_PROPERTIES.PROPERTY_VALUE IS 'String value of property';

create table frp.EXTERNAL_ORDER_PREFIX
    (ORDER_PREFIX         varchar2(100)    not null,
     LAST_ORDER_NUMBER    number(10)       not null,
     CREATED_ON           DATE             not null, 
     CREATED_BY           VARCHAR2(100)    NOT NULL, 
     UPDATED_ON           DATE             NOT NULL, 
     UPDATED_BY           VARCHAR2(100)    NOT NULL, 
  CONSTRAINT external_order_prefix_PK    PRIMARY KEY (order_prefix) 
            USING INDEX  TABLESPACE frp_INDX)
  tablespace frp_data;

COMMENT ON TABLE frp.external_order_prefix IS 
'Contains a row for every order server at novator, as well as a row for web oe, amazon, wal-mart, etc.'; 
COMMENT ON COLUMN FRP.external_order_prefix.order_prefix is 'Identifies order server';
COMMENT ON COLUMN FRP.external_order_prefix.last_order_number is 'Records the last order number for the corresponding order server';
COMMENT ON COLUMN FRP.external_order_prefix.created_on is 'Date/Time the row was created';
COMMENT ON COLUMN FRP.external_order_prefix.created_by is 'Username of person or process which created the row';
COMMENT ON COLUMN FRP.external_order_prefix.updated_on is 'Date/Time the row was last updated';
COMMENT ON COLUMN FRP.external_order_prefix.updated_by is 'Username of person or process last updating the row';
 

create table frp.MISSING_ORDER_SEQUENCE
    (EXTERNAL_ORDER_NUMBER      varchar2(100)  not null,
     system_message_id          varchar2(100)  not null,
     CREATED_ON                 DATE           NOT NULL, 
     CREATED_BY                 VARCHAR2(100)  NOT NULL, 
     UPDATED_ON                 DATE           NOT NULL, 
     UPDATED_BY                 VARCHAR2(100)  NOT NULL, 
  CONSTRAINT missing_order_sequence_pk    PRIMARY KEY (external_order_number) 
            USING INDEX  TABLESPACE frp_INDX)
  tablespace frp_data;

COMMENT ON TABLE frp.missing_order_sequence IS 'Stores sequences which are missing'; 
COMMENT ON COLUMN FRP.missing_order_sequence.external_order_number is 'Order which is missing a sequence';
COMMENT ON COLUMN FRP.missing_order_sequence.system_message_id is 
'message received from system on the nature of why system missing sequence';
COMMENT ON COLUMN FRP.missing_order_sequence.created_on is 'Date/Time the row was created';
COMMENT ON COLUMN FRP.missing_order_sequence.created_by is 'Username of person or process which created the row';
COMMENT ON COLUMN FRP.missing_order_sequence.updated_on is 'Date/Time the row was last updated';
COMMENT ON COLUMN FRP.missing_order_sequence.updated_by is 'Username of person or process last updating the row';

insert into EVENTS.EVENTS (EVENT_NAME, CONTEXT_NAME, DESCRIPTION,
ACTIVE) values ('LOAD-SECOND-BITE-EMAIL-DATA', 'PARTNER-REWARD', 'Creates Second Bite email unsubscribe file', 'Y');

grant execute on b2b.ADDONINFO_FUNC to osp;
grant execute on b2b.APPROVEDDELETE_FUNC to osp;
grant execute on b2b.APPROVEDINFO_FUNC to osp;
grant execute on b2b.APPROVEDINSERT_FUNC to osp;
grant execute on b2b.APPROVEDLINEBUYERCOOKIE_FUNC to osp;
grant execute on b2b.APPROVEDLINEINFO_FUNC to osp;
grant execute on b2b.APPROVEDLINEINSERT_FUNC to osp;
grant execute on b2b.ARCHIVELINEBUYERCOOKIE_FUNC to osp;
grant execute on b2b.ARCHIVEPENDINGDELETE_FUNC to osp;
grant execute on b2b.ARCHIVEPENDINGINFO_FUNC to osp;
grant execute on b2b.ARCHIVEPENDINGINSERT_FUNC to osp;
grant execute on b2b.ARCHIVEPENDINGLINEINFO_FUNC to osp;
grant execute on b2b.BILLTOLOOKUP_FUNC to osp;
grant execute on b2b.CATALOGORDERNUMBER_FUNC to osp;
grant execute on b2b.CHANGECANCELTRANSDELETE_FUNC to osp;
grant execute on b2b.CHANGECANCELTRANSINSERT_FUNC to osp;
grant execute on b2b.CHANGECANCELTRANSSELECT_FUNC to osp;
grant execute on b2b.CLIENTOPTIONS_FUNC to osp;
grant execute on b2b.CLIENTURL_FUNC to osp;
grant execute on b2b.COUNTRYXREFBYNAME_FUNC to osp;
grant execute on b2b.COUNTRYXREF_FUNC to osp;
grant execute on b2b.FTDORDERTRANSINSERT_FUNC to osp;
grant execute on b2b.FTDORDERTRANSSELECT_FUNC to osp;
grant execute on b2b.FTDORDERTRANSUPDATE_FUNC to osp;
grant execute on b2b.HPORDERTRANSINSERT_FUNC to osp;
grant execute on b2b.HPORDERTRANSSELECT_FUNC to osp;
grant execute on b2b.HPORDERTRANSUPDATE_FUNC to osp;
grant execute on b2b.MASTERORDERNUMBER_FUNC to osp;
grant execute on b2b.ORDERDELETETRANSDELETEBC_FUNC to osp;
grant execute on b2b.ORDERDELETETRANSDELETE_FUNC to osp;
grant execute on b2b.ORDERDELETETRANSINFO_FUNC to osp;
grant execute on b2b.ORDERDELETETRANSINSERT_FUNC to osp;
grant execute on b2b.ORDERDELETETRANSSELECT_FUNC to osp;
grant execute on b2b.PENDINGARCHIVE_FUNC to osp;
grant execute on b2b.PENDINGDELETE_FUNC to osp;
grant execute on b2b.PENDINGINFO_FUNC to osp;
grant execute on b2b.PENDINGINSERT_FUNC to osp;
grant execute on b2b.PENDINGLINEBUYERCOOKIE_FUNC to osp;
grant execute on b2b.PENDINGLINEINFO_FUNC to osp;
grant execute on b2b.PENDINGSINGLELINEINFO_FUNC to osp;
grant execute on b2b.PUNCHOUTORDERNUMBER_FUNC to osp;
grant execute on b2b.SHIPTOLOOKUP_FUNC to osp;
grant execute on b2b.SOURCECODELOOKUP_FUNC to osp;
grant execute on b2b.TYPES to osp;
grant execute on b2b.UNSPSCLOOKUP_FUNC to osp;

grant references on pi.partners to clean;

create table clean.remittance
   (PARTNER_ID             VARCHAR2(32)     NOT NULL,
    REMITTANCE_NUMBER      VARCHAR2(20)     NOT NULL,
    REMITTANCE_DATE        DATE             NOT NULL,
    REMITTANCE_AMT         NUMBER(22,2)     NOT NULL,     
    CREATED_ON             DATE             NOT NULL,    
    CREATED_BY             VARCHAR2(100)    NOT NULL,     
    UPDATED_ON             DATE             NOT NULL,     
    UPDATED_BY             VARCHAR2(100)    NOT NULL,
  CONSTRAINT remittance_PK PRIMARY KEY(partner_id,remittance_number) 
           USING INDEX  TABLESPACE clean_INDX,
  CONSTRAINT remittance_fk1 FOREIGN KEY(partner_id)   REFERENCES pi.partners(partner_id))
  TABLESPACE CLEAN_DATA;

CREATE INDEX clean.remittance_n1 ON clean.remittance(partner_id)   TABLESPACE clean_INDX;


COMMENT ON TABLE  CLEAN.REMITTANCE                    IS 'Stores actual remittance information - summary by partner/remittance';
COMMENT ON COLUMN CLEAN.REMITTANCE.PARTNER_ID         IS 'Identifies the partner';
COMMENT ON COLUMN CLEAN.REMITTANCE.REMITTANCE_NUMBER  IS 'Provided by partner'; 
COMMENT ON COLUMN CLEAN.REMITTANCE.REMITTANCE_DATE    IS 'Date remittance is being performed'; 
COMMENT ON COLUMN CLEAN.REMITTANCE.REMITTANCE_AMT     IS 'Remittance amount from the report used to reconcile remittance';           
COMMENT ON COLUMN CLEAN.REMITTANCE.CREATED_ON         IS 'Date row was updated';      
COMMENT ON COLUMN CLEAN.REMITTANCE.CREATED_BY         IS 'Person/process which created the row';          
COMMENT ON COLUMN CLEAN.REMITTANCE.UPDATED_ON         IS 'Date row was last updated';      
COMMENT ON COLUMN CLEAN.REMITTANCE.UPDATED_BY         IS 'Person/process which last updated the row';   


create table CLEAN.REMITTANCE_DETAILS 
   (PARTNER_ID                  VARCHAR2(32)    NOT NULL,
    REMITTANCE_NUMBER           VARCHAR2(20)    NOT NULL,
    ORDER_DETAIL_ID             NUMBER          NOT NULL,                 
    CASH_RECEIVED_AMT           NUMBER(22,2)    NOT NULL,     
    WRITE_OFF_AMT               NUMBER(22,2)    NOT NULL,     
    REMAINING_BALANCE_DUE_AMT   NUMBER(22,2)    NOT NULL,     
    CREATED_ON                  DATE            NOT NULL,    
    CREATED_BY                  VARCHAR2(100)   NOT NULL,     
    UPDATED_ON                  DATE            NOT NULL,  
    UPDATED_BY                  VARCHAR2(100)   NOT NULL,     
  CONSTRAINT remittance_details_PK PRIMARY KEY(partner_id,remittance_number,order_detail_id) 
           USING INDEX  TABLESPACE clean_INDX,
  CONSTRAINT remittance_details_fk1 FOREIGN KEY(order_detail_id) REFERENCES clean.order_details(order_detail_id))
  TABLESPACE CLEAN_DATA;

CREATE INDEX clean.remittance_details_n1 ON clean.remittance_details  (order_detail_id) TABLESPACE clean_INDX;


COMMENT ON TABLE CLEAN.REMITTANCE_DETAILS IS 
'Stores actual remittance information - details by partner/remittance/order_detail_id';
COMMENT ON COLUMN CLEAN.REMITTANCE_DETAILS.PARTNER_ID         IS 'Identifies the partner';
COMMENT ON COLUMN CLEAN.REMITTANCE_DETAILS.REMITTANCE_NUMBER  IS 'Provided by partner'; 
COMMENT ON COLUMN CLEAN.REMITTANCE_DETAILS.ORDER_DETAIL_ID       IS 'Apollo order which is part of the remittance';
COMMENT ON COLUMN CLEAN.REMITTANCE_DETAILS.CASH_RECEIVED_AMT     IS 'Dollar amount reflecting money received from partner';
COMMENT ON COLUMN CLEAN.REMITTANCE_DETAILS.WRITE_OFF_AMT         IS 'Dollar amount FTD is willing to forfeit';
COMMENT ON COLUMN CLEAN.REMITTANCE_DETAILS.REMAINING_BALANCE_DUE_AMT IS 'Dollar amount still due on this order from the partner';
COMMENT ON COLUMN CLEAN.REMITTANCE_DETAILS.CREATED_ON            IS 'Date row was updated';      
COMMENT ON COLUMN CLEAN.REMITTANCE_DETAILS.CREATED_BY            IS 'Person/process which created the row';          
COMMENT ON COLUMN CLEAN.REMITTANCE_DETAILS.UPDATED_ON            IS 'Date row was last updated';      
COMMENT ON COLUMN CLEAN.REMITTANCE_DETAILS.UPDATED_BY            IS 'Person/process which last updated the row';   


create table CLEAN.REMITTANCE_UPDATE
   (PARTNER_ID              VARCHAR2(32)  NOT NULL,     
    REMITTANCE_NUMBER       VARCHAR2(20),     
    REMITTANCE_DATE         DATE,     
    REMITTANCE_AMT          NUMBER(22,2),     
    CREATED_ON              DATE,    
    CREATED_BY              VARCHAR2(100),     
    UPDATED_ON              DATE,     
    UPDATED_BY              VARCHAR2(100),     
  CONSTRAINT remittance_update_PK PRIMARY KEY(partner_id) 
           USING INDEX  TABLESPACE clean_INDX,
    CONSTRAINT remittance_update_fk1 FOREIGN KEY(partner_id)   REFERENCES pi.partners(partner_id))
  TABLESPACE CLEAN_DATA;

COMMENT ON TABLE  CLEAN.REMITTANCE_UPDATE                      IS 
'Stores temporary/unfinalized remittance information - summary by partner/remittance';
COMMENT ON COLUMN CLEAN.REMITTANCE_UPDATE.PARTNER_ID           IS 'Identifies the partner';
COMMENT ON COLUMN CLEAN.REMITTANCE_UPDATE.REMITTANCE_NUMBER    IS 'Provided by partner'; 
COMMENT ON COLUMN CLEAN.REMITTANCE_UPDATE.REMITTANCE_DATE      IS 'Date remittance is being performed'; 
COMMENT ON COLUMN CLEAN.REMITTANCE_UPDATE.REMITTANCE_AMT       IS 'Remittance amount from the report used to reconcile remittance';           
COMMENT ON COLUMN CLEAN.REMITTANCE_UPDATE.CREATED_ON           IS 'Date row was updated';      
COMMENT ON COLUMN CLEAN.REMITTANCE_UPDATE.CREATED_BY           IS 'Person/process which created the row';          
COMMENT ON COLUMN CLEAN.REMITTANCE_UPDATE.UPDATED_ON           IS 'Date row was last updated';      
COMMENT ON COLUMN CLEAN.REMITTANCE_UPDATE.UPDATED_BY           IS 'Person/process which last updated the row';   


create table clean.REMITTANCE_DETAILS_UPDATE 
   (PARTNER_ID                    VARCHAR2(32)  NOT NULL,     
    ORDER_DETAIL_ID               NUMBER        NOT NULL,
    REMITTANCE_NUMBER             VARCHAR2(20),     
    PARTNER_ORDER_ID              VARCHAR2(100),
    LINE_ID                       VARCHAR2(20),
    EXTERNAL_ORDER_NUMBER         VARCHAR2(20),     
    BILLING_DATE                  DATE,    
    DELIVERY_DATE                 DATE,   
    PDB_PRICE_AMT                 NUMBER(22,2),     
    REMITTANCE_APPLIED_AMT        NUMBER(22,2),     
    CASH_RECEIVED_AMT       NUMBER(22,2),     
    DAYS_AGED_QTY                 NUMBER(5),    
    WRITE_OFF_AMT                 NUMBER(22,2),     
    OUTSTANDING_BALANCE_DUE_AMT   NUMBER(22,2),     
    REMAINING_BALANCE_DUE_AMT     NUMBER(22,2),     
    SETTLE_FLAG                   VARCHAR2(1) DEFAULT 'N' NOT NULL,
    CREATED_ON                    DATE,    
    CREATED_BY                    VARCHAR2(100),     
    UPDATED_ON                    DATE,     
    UPDATED_BY                    VARCHAR2(100),     
  CONSTRAINT remittance_details_update_PK PRIMARY KEY(partner_id,order_detail_id) 
           USING INDEX  TABLESPACE clean_INDX,
  CONSTRAINT remittance_details_update_fk1 FOREIGN KEY(PARTNER_ID) REFERENCES clean.REMITTANCE_UPDATE(partner_id),
  CONSTRAINT remittance_details_update_fk2 FOREIGN KEY(order_detail_id) REFERENCES clean.order_details(order_detail_id),
  CONSTRAINT remittance_details_udpate_ck1 CHECK(settle_flag in ('Y','N')))
  TABLESPACE CLEAN_DATA;

 CREATE INDEX clean.remittance_details_update_n2 ON clean.remittance_details_update  (order_detail_id)   TABLESPACE clean_INDX;

COMMENT ON TABLE  CLEAN.REMITTANCE_DETAILS_UPDATE                              IS 
'Stores temporary/unfinalized remittance information - details by order/remittance';
COMMENT ON COLUMN CLEAN.REMITTANCE_DETAILS_UPDATE.PARTNER_ID                   IS 'Identifies the partner';
COMMENT ON COLUMN CLEAN.REMITTANCE_DETAILS_UPDATE.REMITTANCE_NUMBER            IS 'Provided by partner'; 
COMMENT ON COLUMN CLEAN.REMITTANCE_DETAILS_UPDATE.ORDER_DETAIL_ID              IS 'Apollo order which is part of the remittance';
COMMENT ON COLUMN CLEAN.REMITTANCE_DETAILS_UPDATE.PARTNER_ORDER_ID             IS 'Order number sent in by the partner';
COMMENT ON COLUMN CLEAN.REMITTANCE_DETAILS_UPDATE.LINE_ID                      IS 
'Line from the partner within the group of orders for a remittance';
COMMENT ON COLUMN CLEAN.REMITTANCE_DETAILS_UPDATE.EXTERNAL_ORDER_NUMBER        IS 'FTD external_order_number of the order';  
COMMENT ON COLUMN CLEAN.REMITTANCE_DETAILS_UPDATE.BILLING_DATE                 IS 'Billing date of the FTD order';
COMMENT ON COLUMN CLEAN.REMITTANCE_DETAILS_UPDATE.DELIVERY_DATE                IS 'Delivery date of the FTD order';
COMMENT ON COLUMN CLEAN.REMITTANCE_DETAILS_UPDATE.PDB_PRICE_AMT                IS 'Product database price in dollars';
COMMENT ON COLUMN CLEAN.REMITTANCE_DETAILS_UPDATE.REMITTANCE_APPLIED_AMT       IS 
'Dollar amount applied to this order from the remittance';
COMMENT ON COLUMN CLEAN.REMITTANCE_DETAILS_UPDATE.CASH_RECEIVED_AMT            IS 
'Dollar amount received from the partner towards this order'; 
COMMENT ON COLUMN CLEAN.REMITTANCE_DETAILS_UPDATE.DAYS_AGED_QTY                IS 
'Days FTD has been waiting for payment from the partner on the order';  
COMMENT ON COLUMN CLEAN.REMITTANCE_DETAILS_UPDATE.WRITE_OFF_AMT                IS 'Dollar amount FTD is willing to forfeit'; 
COMMENT ON COLUMN CLEAN.REMITTANCE_DETAILS_UPDATE.OUTSTANDING_BALANCE_DUE_AMT  IS 
'Dollar amount still due on this order from the partner before applying current remittance';    
COMMENT ON COLUMN CLEAN.REMITTANCE_DETAILS_UPDATE.REMAINING_BALANCE_DUE_AMT    IS 
'Dollar amount still due on this order from the partner after applying current remittance';    
COMMENT ON COLUMN CLEAN.REMITTANCE_DETAILS_UPDATE.SETTLE_FLAG                  IS 
'Indicates whether the payment is settled for the order';
COMMENT ON COLUMN CLEAN.REMITTANCE_DETAILS_UPDATE.CREATED_ON                   IS 'Date row was updated';      
COMMENT ON COLUMN CLEAN.REMITTANCE_DETAILS_UPDATE.CREATED_BY                   IS 'Person/process which created the row';          
COMMENT ON COLUMN CLEAN.REMITTANCE_DETAILS_UPDATE.UPDATED_ON                   IS 'Date row was last updated';      
COMMENT ON COLUMN CLEAN.REMITTANCE_DETAILS_UPDATE.UPDATED_BY                   IS 'Person/process which last updated the row';   


---------------------   
--### DEFECT 1824
---------------------   


CREATE TABLE FTD_APPS.PRODUCT_ACCTG_CHANGE_CLASS
    (ACCTG_CHANGE_CLASS_CODE      VARCHAR2(1)   NOT NULL,
     ACCTG_CHANGE_CLASS_DESC      VARCHAR2(50)  NOT NULL,
  CONSTRAINT PRODUCT_ACCTG_CHANGE_CLASS_PK PRIMARY KEY(ACCTG_CHANGE_CLASS_CODE) 
            USING INDEX  TABLESPACE FTD_APPS_INDX)
 TABLESPACE FTD_APPS_DATA;
     
     
COMMENT ON TABLE  FTD_APPS.PRODUCT_acctg_CHANGE_CLASS                     IS 
'Categorizes changes made to products for subsequent reporting';
COMMENT ON COLUMN FTD_APPS.PRODUCT_acctg_CHANGE_CLASS.acctg_CHANGE_CLASS_CODE IS 'Identifies the product change type';
COMMENT ON COLUMN FTD_APPS.PRODUCT_acctg_CHANGE_CLASS.acctg_CHANGE_CLASS_DESC IS 'Description of the product change';
     

CREATE TABLE FTD_APPS.PRODUCT_ACCTG_CHANGE_UNIT
    (ACCTG_CHANGE_UNIT_ID                   NUMBER(11)  NOT NULL,
     ACCTG_CHANGE_CLASS_CODE                VARCHAR2(1) NOT NULL,
     CREATED_ON                             DATE        NOT NULL,
   CONSTRAINT PRODUCT_CHANGE_ACCTG_UNIT_PK PRIMARY KEY(ACCTG_CHANGE_UNIT_ID) 
            USING INDEX  TABLESPACE FTD_APPS_INDX,
   CONSTRAINT PRODUCT_ACCTG_CHANGE_UNIT_FK1  FOREIGN KEY(ACCTG_CHANGE_CLASS_CODE) 
REFERENCES FTD_APPS.PRODUCT_ACCTG_CHANGE_CLASS(ACCTG_CHANGE_CLASS_CODE))
  TABLESPACE FTD_APPS_DATA; 

CREATE INDEX FTD_APPS.PRODUCT_ACCTG_CHANGE_UNIT_N1 ON FTD_APPS.PRODUCT_ACCTG_CHANGE_UNIT(ACCTG_CHANGE_CLASS_CODE) 
TABLESPACE FTD_APPS_INDX;

COMMENT ON TABLE  FTD_APPS.PRODUCT_acctg_CHANGE_UNIT                     IS 
'Used to Link the before/after records in the product_master/product_subcode/vendor_product shadow tables together along and noting the type of change';
COMMENT ON COLUMN FTD_APPS.PRODUCT_acctg_CHANGE_UNIT.acctg_CHAnGE_UNIT_ID  IS 
'Synthetic key generated to appy to the before/after records in the shadow tables';
COMMENT ON COLUMN FTD_APPS.PRODUCT_acctg_CHANGE_UNIT.acctg_CHANGE_class_CODE IS 'Identifies the product change type';

CREATE SEQUENCE FTD_APPS.ACCTG_CHANGE_UNIT_ID_SQ 
    START WITH 1  INCREMENT BY 1  MAXVALUE 11111111111 NOCYCLE NOCACHE;

set define off
Insert into RPT.REPORT
   (REPORT_ID, NAME, DESCRIPTION, REPORT_FILE_PREFIX, REPORT_TYPE, REPORT_OUTPUT_TYPE, REPORT_CATEGORY, SERVER_NAME, 
HOLIDAY_INDICATOR, STATUS, CREATED_ON, CREATED_BY, UPDATED_ON, UPDATED_BY, ORACLE_RDF, REPORT_DAYS_SPAN, NOTES, ACL_NAME, 
RETENTION_DAYS, RUN_TIME_OFFSET, END_OF_DAY_REQUIRED, SCHEDULE_DAY, SCHEDULE_TYPE, SCHEDULE_PARM_VALUE)
 Values
   (1010011, 'Product Edit Report (Monthly)', 'This is a summary report detailing changes made to the products in the past month',
'Product_Edit_Report_Monthly', 
    'S', 'Char', 'Acct',
    'http://apolloreports.ftdi.com/reports/rwservlet?',
    'Y', 'Active', SYSDATE, 'chu', SYSDATE, 'chu', 
    'ACC38_Product_Edit_Report.rdf', 31, 'Date range cannot exceed 31 days', 'AcctMerchReportAccess', 10, 
    165, 'N', '01', 'M', '&p_monthly_daily_ind=M&p_change_scope=All&p_exclude_avail_only_flag=Y&p_exclude_del_method_only_flag=Y');

Insert into RPT.REPORT
   (REPORT_ID, NAME, DESCRIPTION, REPORT_FILE_PREFIX, REPORT_TYPE, REPORT_OUTPUT_TYPE, REPORT_CATEGORY, SERVER_NAME, 
HOLIDAY_INDICATOR, STATUS, CREATED_ON, CREATED_BY, UPDATED_ON, UPDATED_BY, ORACLE_RDF, REPORT_DAYS_SPAN, NOTES, ACL_NAME, 
RETENTION_DAYS, RUN_TIME_OFFSET, END_OF_DAY_REQUIRED, SCHEDULE_DAY, SCHEDULE_TYPE, SCHEDULE_PARM_VALUE)
 Values
   (101001, 'Product Edit Report', 'This ad-hoc and automated monthly report provides insight into changes made to FTD.COM''s listing of product codes over the specific time frame. The report will hightlight changes to existing product codes as well as listing of new product codes.', 'Product_Edit_Report', 
    'U', 'Char', 'Acct',
    'http://apolloreports.ftdi.com/reports/rwservlet?',
    'Y', 'Active', SYSDATE, 'chu', SYSDATE, 'chu', 
    'ACC38_Product_Edit_Report.rdf', 31, 'Date range cannot exceed 31 days', 'AcctMerchReportAccess', 10, 
    120, 'N', null, null, null);

Insert into RPT.REPORT_PARM
   (REPORT_PARM_ID, DISPLAY_NAME, REPORT_PARM_TYPE, ORACLE_PARM_NAME, CREATED_ON, CREATED_BY, UPDATED_ON, UPDATED_BY, VALIDATION)
 Values   (101010, 'Change Type', 'R', 'p_change_scope', SYSDATE, 'chu', SYSDATE, 'chu', NULL);

Insert into RPT.REPORT_PARM
   (REPORT_PARM_ID, DISPLAY_NAME, REPORT_PARM_TYPE, ORACLE_PARM_NAME, CREATED_ON, CREATED_BY, UPDATED_ON, UPDATED_BY, VALIDATION)
 Values   (101020, 'Exclude Availability Change Only', 'R', 'p_exclude_avail_only_flag', SYSDATE, 'chu', SYSDATE, 'chu', NULL);

Insert into RPT.REPORT_PARM
   (REPORT_PARM_ID, DISPLAY_NAME, REPORT_PARM_TYPE, ORACLE_PARM_NAME, CREATED_ON, CREATED_BY, UPDATED_ON, UPDATED_BY, VALIDATION)
 Values   (101030, 'Exclude Delivery Method Change Only', 'R', 'p_exclude_del_method_only_flag', SYSDATE, 'chu', SYSDATE, 'chu',
NULL);

Insert into RPT.REPORT_PARM_REF
   (REPORT_PARM_ID, REPORT_ID, SORT_ORDER, REQUIRED_INDICATOR, CREATED_ON, CREATED_BY, ALLOW_FUTURE_DATE_IND)
 Values   (100402, 101001, 1, 'Y', SYSDATE, 'chu', 'N');

Insert into RPT.REPORT_PARM_REF
   (REPORT_PARM_ID, REPORT_ID, SORT_ORDER, REQUIRED_INDICATOR, CREATED_ON, CREATED_BY, ALLOW_FUTURE_DATE_IND)
 Values   (101010, 101001, 2, 'Y', SYSDATE, 'chu', NULL);
   
Insert into RPT.REPORT_PARM_REF
   (REPORT_PARM_ID, REPORT_ID, SORT_ORDER, REQUIRED_INDICATOR, CREATED_ON, CREATED_BY, ALLOW_FUTURE_DATE_IND)
 Values   (101020, 101001, 3, 'Y', SYSDATE, 'chu', NULL);
   
Insert into RPT.REPORT_PARM_REF
   (REPORT_PARM_ID, REPORT_ID, SORT_ORDER, REQUIRED_INDICATOR, CREATED_ON, CREATED_BY, ALLOW_FUTURE_DATE_IND)
 Values   (101030, 101001, 4, 'Y', SYSDATE, 'chu', NULL);

Insert into RPT.REPORT_PARM_VALUE
   (REPORT_PARM_VALUE_ID, CREATED_ON, CREATED_BY, UPDATED_ON, UPDATED_BY, DISPLAY_TEXT, DB_STATEMENT_ID, DEFAULT_FORM_VALUE)
 Values   (101011, SYSDATE, 'chu', SYSDATE, 'chu', 'All', NULL, 'All');
Insert into RPT.REPORT_PARM_VALUE
   (REPORT_PARM_VALUE_ID, CREATED_ON, CREATED_BY, UPDATED_ON, UPDATED_BY, DISPLAY_TEXT, DB_STATEMENT_ID, DEFAULT_FORM_VALUE)
 Values   (101012, SYSDATE, 'chu', SYSDATE, 'chu', 'New', NULL, 'New');
Insert into RPT.REPORT_PARM_VALUE
   (REPORT_PARM_VALUE_ID, CREATED_ON, CREATED_BY, UPDATED_ON, UPDATED_BY, DISPLAY_TEXT, DB_STATEMENT_ID, DEFAULT_FORM_VALUE)
 Values   (101013, SYSDATE, 'chu', SYSDATE, 'chu', 'Updated', NULL, 'Updated');
  
Insert into RPT.REPORT_PARM_VALUE
   (REPORT_PARM_VALUE_ID, CREATED_ON, CREATED_BY, UPDATED_ON, UPDATED_BY, DISPLAY_TEXT, DB_STATEMENT_ID, DEFAULT_FORM_VALUE)
 Values   (101021, SYSDATE, 'chu', SYSDATE, 'chu', 'Included', NULL, 'N');
Insert into RPT.REPORT_PARM_VALUE
   (REPORT_PARM_VALUE_ID, CREATED_ON, CREATED_BY, UPDATED_ON, UPDATED_BY, DISPLAY_TEXT, DB_STATEMENT_ID, DEFAULT_FORM_VALUE)
 Values   (101022, SYSDATE, 'chu', SYSDATE, 'chu', 'Excluded', NULL, 'Y');  
Insert into RPT.REPORT_PARM_VALUE
   (REPORT_PARM_VALUE_ID, CREATED_ON, CREATED_BY, UPDATED_ON, UPDATED_BY, DISPLAY_TEXT, DB_STATEMENT_ID, DEFAULT_FORM_VALUE)
 Values   (101031, SYSDATE, 'chu', SYSDATE, 'chu', 'Included', NULL, 'N');
Insert into RPT.REPORT_PARM_VALUE
   (REPORT_PARM_VALUE_ID, CREATED_ON, CREATED_BY, UPDATED_ON, UPDATED_BY, DISPLAY_TEXT, DB_STATEMENT_ID, DEFAULT_FORM_VALUE)
 Values   (101032, SYSDATE, 'chu', SYSDATE, 'chu', 'Excluded', NULL, 'Y'); 

insert into RPT.REPORT_PARM_VALUE_REF
   (REPORT_PARM_ID, REPORT_PARM_VALUE_ID, SORT_ORDER, CREATED_ON, CREATED_BY)
 Values   (101010, 101011, 1, SYSDATE, 'chu');
insert into RPT.REPORT_PARM_VALUE_REF
   (REPORT_PARM_ID, REPORT_PARM_VALUE_ID, SORT_ORDER, CREATED_ON, CREATED_BY)
 Values   (101010, 101012, 2, SYSDATE, 'chu');
insert into RPT.REPORT_PARM_VALUE_REF
   (REPORT_PARM_ID, REPORT_PARM_VALUE_ID, SORT_ORDER, CREATED_ON, CREATED_BY)
 Values   (101010, 101013, 3, SYSDATE, 'chu');
insert into RPT.REPORT_PARM_VALUE_REF
   (REPORT_PARM_ID, REPORT_PARM_VALUE_ID, SORT_ORDER, CREATED_ON, CREATED_BY)
 Values   (101020, 101021, 1, SYSDATE, 'chu');
insert into RPT.REPORT_PARM_VALUE_REF
   (REPORT_PARM_ID, REPORT_PARM_VALUE_ID, SORT_ORDER, CREATED_ON, CREATED_BY)
 Values   (101020, 101022, 2, SYSDATE, 'chu');
insert into RPT.REPORT_PARM_VALUE_REF
   (REPORT_PARM_ID, REPORT_PARM_VALUE_ID, SORT_ORDER, CREATED_ON, CREATED_BY)
 Values   (101030, 101031, 1, SYSDATE, 'chu');
insert into RPT.REPORT_PARM_VALUE_REF
   (REPORT_PARM_ID, REPORT_PARM_VALUE_ID, SORT_ORDER, CREATED_ON, CREATED_BY)
 Values   (101030, 101032, 2, SYSDATE, 'chu');

commit;
set define on

-- ############ END PROD DATA UPDATES



---------------------   
--### DEFECT 3392
---------------------   
insert into quartz_schema.groups (group_id,description,active_flag) values ('AMAZON','Amazon', 'Y');

insert into quartz_schema.pipeline (pipeline_id, group_id, description,tool_tip,default_schedule,default_payload,
force_default_payload,queue_name,class_code,active_flag)
values ('AZ_ACK_FEED','AMAZON','Acknowledgement Feed','Sends order acknowledgement to Amazon.','300',
'<?xml version="1.0" encoding="utf-8"?><event xmlns:xsi="http://www.w3.org/2001/XMLSchema-instance" xsi:noNamespaceSchemaLocation="event.xsd"><event-name>ORDER-ACKNOWLEDGEMENT</event-name><context>AMAZON</context><payload></payload></event>',
'N','OJMS.EM_AMAZON','SimpleJmsJob','Y');
insert into quartz_schema.pipeline (pipeline_id, group_id, description,tool_tip,default_schedule,default_payload,
force_default_payload,queue_name,class_code,active_flag)
values ('AZ_ADJ_FEED','AMAZON','Adjustment Feed','Sends order adjustment feeds to Amazon.','300',
'<?xml version="1.0" encoding="utf-8"?><event xmlns:xsi="http://www.w3.org/2001/XMLSchema-instance" xsi:noNamespaceSchemaLocation="event.xsd"><event-name>ORDER-ADJUSTMENT</event-name><context>AMAZON</context><payload></payload></event>',
'N','OJMS.EM_AMAZON','SimpleJmsJob','Y');
insert into quartz_schema.pipeline (pipeline_id, group_id, description,tool_tip,default_schedule,default_payload,
force_default_payload,queue_name,class_code,active_flag)
values ('AZ_FUL_FEED','AMAZON','Fulfillment Feed','Sends order fulfillment message to Amazon.','300',
'<?xml version="1.0" encoding="utf-8"?><event xmlns:xsi="http://www.w3.org/2001/XMLSchema-instance" xsi:noNamespaceSchemaLocation="event.xsd"><event-name>ORDER-FULFILLMENT</event-name><context>AMAZON</context><payload></payload></event>',
'N','OJMS.EM_AMAZON','SimpleJmsJob','Y');
insert into quartz_schema.pipeline (pipeline_id, group_id, description,tool_tip,default_schedule,default_payload,
force_default_payload,queue_name,class_code,active_flag)
values ('AZ_IMAGE_FEED','AMAZON','Image Feed','Sends the product image messages to Amazon.','300',
'<?xml version="1.0" encoding="utf-8"?><event xmlns:xsi="http://www.w3.org/2001/XMLSchema-instance" xsi:noNamespaceSchemaLocation="event.xsd"><event-name>IMAGE-FEED</event-name><context>AMAZON</context><payload></payload></event>',
'N','OJMS.EM_AMAZON','SimpleJmsJob','Y');
insert into quartz_schema.pipeline (pipeline_id, group_id, description,tool_tip,default_schedule,default_payload,
force_default_payload,queue_name,class_code,active_flag)
values ('AZ_INVENTORY_FEED','AMAZON','Inventory Feed','Sends the product inventory messages to Amazon.','300',
'<?xml version="1.0" encoding="utf-8"?><event xmlns:xsi="http://www.w3.org/2001/XMLSchema-instance" xsi:noNamespaceSchemaLocation="event.xsd"><event-name>INVENTORY-FEED</event-name><context>AMAZON</context><payload></payload></event>',
'N','OJMS.EM_AMAZON','SimpleJmsJob','Y');
insert into quartz_schema.pipeline (pipeline_id, group_id, description,tool_tip,default_schedule,default_payload,
force_default_payload,queue_name,class_code,active_flag)
values ('AZ_ORDER_FEED','AMAZON','Order Feed','Downloads order data from Amazon.','900',
'<?xml version="1.0" encoding="utf-8"?><event xmlns:xsi="http://www.w3.org/2001/XMLSchema-instance" xsi:noNamespaceSchemaLocation="event.xsd"><event-name>ORDER-FEED</event-name><context>AMAZON</context><payload></payload></event>',
'N','OJMS.EM_AMAZON','SimpleJmsJob','Y');
insert into quartz_schema.pipeline (pipeline_id, group_id, description,tool_tip,default_schedule,default_payload,
force_default_payload,queue_name,class_code,active_flag)
values ('AZ_OVERRIDE_FEED','AMAZON','Override Feed','Sends the product override messages to Amazon.','300',
'<?xml version="1.0" encoding="utf-8"?><event xmlns:xsi="http://www.w3.org/2001/XMLSchema-instance" xsi:noNamespaceSchemaLocation="event.xsd"><event-name>OVERRIDE-FEED</event-name><context>AMAZON</context><payload></payload></event>',
'N','OJMS.EM_AMAZON','SimpleJmsJob','Y');
insert into quartz_schema.pipeline (pipeline_id, group_id, description,tool_tip,default_schedule,default_payload,
force_default_payload,queue_name,class_code,active_flag)
values ('AZ_PRICE_FEED','AMAZON','Price Feed','Sends the product price messages to Amazon.','300',
'<?xml version="1.0" encoding="utf-8"?><event xmlns:xsi="http://www.w3.org/2001/XMLSchema-instance" xsi:noNamespaceSchemaLocation="event.xsd"><event-name>PRICE-FEED</event-name><context>AMAZON</context><payload></payload></event>',
'N','OJMS.EM_AMAZON','SimpleJmsJob','Y');
insert into quartz_schema.pipeline (pipeline_id, group_id, description,tool_tip,default_schedule,default_payload,
force_default_payload,queue_name,class_code,active_flag)
values ('AZ_PROCESS_FEED','AMAZON','Process Feed','Retrieves process status reports from Amazon.','300',
'<?xml version="1.0" encoding="utf-8"?><event xmlns:xsi="http://www.w3.org/2001/XMLSchema-instance" xsi:noNamespaceSchemaLocation="event.xsd"><event-name>PROCESSING-REPORT</event-name><context>AMAZON</context><payload></payload></event>',
'N','OJMS.EM_AMAZON','SimpleJmsJob','Y');
insert into quartz_schema.pipeline (pipeline_id, group_id, description,tool_tip,default_schedule,default_payload,
force_default_payload,queue_name,class_code,active_flag)
values ('AZ_PRODUCT_FEED','AMAZON','Product Feed','Sends the product feed messages to Amazon.','300',
'<?xml version="1.0" encoding="utf-8"?><event xmlns:xsi="http://www.w3.org/2001/XMLSchema-instance" xsi:noNamespaceSchemaLocation="event.xsd"><event-name>PRODUCT-FEED</event-name><context>AMAZON</context><payload></payload></event>',
'N','OJMS.EM_AMAZON','SimpleJmsJob','Y');
insert into quartz_schema.pipeline (pipeline_id, group_id, description,tool_tip,default_schedule,default_payload,
force_default_payload,queue_name,class_code,active_flag)
values ('AZ_SETTLEMENT_FEED','AMAZON','Settlement Feed','Downloads settlement reports from Amazon.','0 0 6 ? * SUN',
'<?xml version="1.0" encoding="utf-8"?><event xmlns:xsi="http://www.w3.org/2001/XMLSchema-instance" xsi:noNamespaceSchemaLocation="event.xsd"><event-name>SETTLEMENT-FEED</event-name><context>AMAZON</context><payload></payload></event>',
'N','OJMS.EM_AMAZON','SimpleJmsJob','Y');

---------------------   
--### DEFECT 2169
---------------------
INSERT INTO FRP.GLOBAL_PARMS(CONTEXT, NAME, VALUE, CREATED_BY, CREATED_ON, UPDATED_BY, UPDATED_ON)
VALUES('ACCOUNTING_CONFIG','CC_SETTLEMENT_LOCAL_LOCATION','/u02/apollo/accounting/cc_recon/','chu',sysdate,'chu',sysdate);
INSERT INTO FRP.GLOBAL_PARMS(CONTEXT, NAME, VALUE, CREATED_BY, CREATED_ON, UPDATED_BY, UPDATED_ON)
VALUES('ACCOUNTING_CONFIG','CC_SETTLEMENT_ARCHIVE_LOCATION','/u02/apollo/accounting/cc_recon/archive/','chu',sysdate,'chu',sysdate);
---------------------
--### END DEFECT 2169
---------------------   

-- DEFECT 3693
INSERT INTO FRP.GLOBAL_PARMS(CONTEXT, NAME, VALUE, CREATED_BY, CREATED_ON, UPDATED_BY, UPDATED_ON)
VALUES('SCRUB_CONFIG','AP_INVALID_AUTH','-','chu',sysdate,'chu',sysdate);

insert into FRP.GLOBAL_PARMS (CONTEXT, NAME, VALUE, CREATED_BY, CREATED_ON, UPDATED_BY, UPDATED_ON) 
values ('WEBLOYALTY','offer_pool_id_data_order_conf','33720','alakhani', sysdate, 'alakhani', sysdate);

insert into FRP.GLOBAL_PARMS (CONTEXT, NAME, VALUE, CREATED_BY, CREATED_ON, UPDATED_BY, UPDATED_ON)
values ('WEBLOYALTY','offer_pool_id_data_ship_conf','34510','alakhani', sysdate, 'alakhani', sysdate);

insert into FRP.GLOBAL_PARMS (CONTEXT, NAME, VALUE, CREATED_BY, CREATED_ON, UPDATED_BY, UPDATED_ON)
values ('WEBLOYALTY','offer_src_id_data_order_conf','69670','alakhani', sysdate, 'alakhani', sysdate);

insert into FRP.GLOBAL_PARMS (CONTEXT, NAME, VALUE, CREATED_BY, CREATED_ON, UPDATED_BY, UPDATED_ON) 
values ('WEBLOYALTY','offer_src_id_data_ship_conf','72630','alakhani', sysdate, 'alakhani', sysdate);

insert into aas.acl (acl_name, created_on, updated_on, updated_by) values ('OutstandingReceivablesGroup',sysdate,sysdate,
'alakhani');

insert into aas.resources (resource_id, context_id, created_on, updated_on, updated_by) values (
'OutstandingReceivablesResource','Order Proc',sysdate,sysdate, 'alakhani');

insert into aas.role (role_id, role_name, context_id, created_on, updated_on, updated_by) values (
200053,'OutstandingReceivablesRole','Order Proc',sysdate,sysdate, 'alakhani');

insert into aas.rel_acl_rp (acl_name, resource_id, context_id, permission_id, created_on, updated_on, updated_by) values (
'OutstandingReceivablesGroup','OutstandingReceivablesResource','Order Proc','Yes',sysdate,sysdate,'alakhani');

insert into aas.rel_role_acl (role_id, acl_name, created_on, updated_on, updated_by) values (
200053, 'OutstandingReceivablesGroup', sysdate, sysdate, 'alakhani');

commit;



######################
## TARGET     ########
######################

-- Defect 1809
ALTER TABLE ftd_apps.origins ADD (partner_report_flag VARCHAR2(1) DEFAULT 'N' NOT NULL
    CONSTRAINT ORIGINS_CK2 CHECK(partner_report_flag in ('Y','N')));

INSERT INTO FTD_APPS.ORIGINS (ORIGIN_ID, DESCRIPTION, ORIGIN_TYPE, ACTIVE, PARTNER_REPORT_FLAG) VALUES ('TARGI','Target internet orders','internet','Y','Y');
INSERT INTO PI.PARTNERS (PARTNER_ID, PARTNER_NAME, ACTIVE_FLAG, ORIGIN_ID) VALUES ('TARGET','Target','Y','TARGI');
-- End Defect 1809

UPDATE ftd_apps.origins
   SET partner_report_flag = 'Y'
 WHERE origin_id in ('AMZNI', 'TARGI', 'WLMTI', 'CAT', 'ARI');

INSERT INTO VENUS.SDS_SHIP_METHOD_XREF VALUES('UPSGR RES','GR','UPS','N','Y');


######################
## END TARGET     ####
######################



INSERT INTO PI.PARTNER_SDS_ERROR VALUES('TARGET',-83173,'SDS','INCREMENT_SHIP_DATE','N',
'A carrier could not be found to ship this order.');
INSERT INTO PI.PARTNER_PROPERTIES VALUES('TARGET','MASTER_ORDER_NO_PREFIX','TARG',null,null);
INSERT INTO PI.PARTNER_PROPERTIES VALUES('TARGET','SHIP_METHOD_N','ND','(ND|2F|GR)',null);
INSERT INTO PI.PARTNER_PROPERTIES VALUES('TARGET','SHIP_METHOD_3','GR','(ND|2F|GR)',null);
INSERT INTO PI.PARTNER_PROPERTIES VALUES('TARGET','SHIP_METHOD_2','2F','(ND|2F|GR)',null);
INSERT INTO PI.PARTNER_PROPERTIES VALUES('TARGET','SHIP_METHOD_O','ND','(ND|2F|GR)',null);
INSERT INTO PI.PARTNER_PROPERTIES VALUES('TARGET','SHIP_METHOD_F','GR','(ND|2F|GR)',null);
INSERT INTO PI.PARTNER_PROPERTIES VALUES('TARGET','BUYER_FIRST_NAME','TARGET',null,null);
INSERT INTO PI.PARTNER_PROPERTIES VALUES('TARGET','FTP_SERVER','ftp.vcommerce.com',null,null);
INSERT INTO PI.PARTNER_PROPERTIES VALUES('TARGET','FTP_REMOTE_UPLOAD_DIRECTORY','/incoming/target/pickup',null,null);
INSERT INTO PI.PARTNER_PROPERTIES VALUES('TARGET','OUTBOUND_INVENTORY_PRODUCT_ID','PRODUCT_SUBCODE_ID',null,null);
INSERT INTO PI.PARTNER_PROPERTIES VALUES('TARGET','OUTBOUND_INVENTORY_PRODUCT_AVAILABILITY','AVAILABILITY',null,null);
INSERT INTO PI.PARTNER_PROPERTIES VALUES('TARGET','OUTBOUND_CDATA_NODES','NONE',null,null);
INSERT INTO PI.PARTNER_PROPERTIES VALUES('TARGET','VARIANCE_EMAIL_ADDRESS','apolloqa@ftdi.com',
'^[A-Z0-9._%-]+@[A-Z0-9.-]+\.[A-Z]{2,4}$',null);
INSERT INTO PI.PARTNER_PROPERTIES VALUES('TARGET','DTD_FILE_ORDER_ACK','855X-01-001-000.dtd',null,null);
INSERT INTO PI.PARTNER_PROPERTIES VALUES('TARGET','KEY_INVOICE_BILL_TO_ADDRESS','BT',null,null);
INSERT INTO PI.PARTNER_PROPERTIES VALUES('TARGET','KEY_SHIP_TO_ADDRESS','ST',null,null);
INSERT INTO PI.PARTNER_PROPERTIES VALUES('TARGET','KEY_CUSTOMER_BILL_TO_ADDRESS','SO',null,null);
INSERT INTO PI.PARTNER_PROPERTIES VALUES('TARGET','OUTBOUND_INVENTORY_WAREHOUSE','FTD',null,null);
INSERT INTO PI.PARTNER_PROPERTIES VALUES('TARGET','DEFAULT_WAREHOUSE','TA9X',null,null);
INSERT INTO PI.PARTNER_PROPERTIES VALUES('TARGET','DOCUMENT_TYPE_ORDER','850X-01T',null,null);
INSERT INTO PI.PARTNER_PROPERTIES VALUES('TARGET','DOCUMENT_TYPE_ORDER_ACK','855X-01',null,null);
INSERT INTO PI.PARTNER_PROPERTIES VALUES('TARGET','DOCUMENT_TYPE_PARTNER_CANCEL','860X-01',null,null);
INSERT INTO PI.PARTNER_PROPERTIES VALUES('TARGET','DOCUMENT_TYPE_PARTNER_CANCEL_ACK','865X-01',null,null);
INSERT INTO PI.PARTNER_PROPERTIES VALUES('TARGET','DOCUMENT_TYPE_ORDER_CANCEL_NOTIFY','865X-02',null,null);
INSERT INTO PI.PARTNER_PROPERTIES VALUES('TARGET','DOCUMENT_TYPE_SHIP_NOTIFY','856X-01',null,null);
INSERT INTO PI.PARTNER_PROPERTIES VALUES('TARGET','DOCUMENT_TYPE_INVENTORY_NOTIFY','846X-01',null,null);
INSERT INTO PI.PARTNER_PROPERTIES VALUES('TARGET','KEY_FIRST_NAME','FIRST_NAME',null,null);
INSERT INTO PI.PARTNER_PROPERTIES VALUES('TARGET','KEY_LAST_NAME','LAST_NAME',null,null);
INSERT INTO PI.PARTNER_PROPERTIES VALUES('TARGET','OUTBOUND_PRODUCTION','T','[TF]{1}',null);
INSERT INTO PI.PARTNER_PROPERTIES VALUES('TARGET','ORIGIN','TARGI',null,null);
INSERT INTO PI.PARTNER_PROPERTIES VALUES('TARGET','SOURCE_CODE','13271',null,null);
INSERT INTO PI.PARTNER_PROPERTIES VALUES('TARGET','LABEL_ORIGIN_NAME','TARGET',null,null);
INSERT INTO PI.PARTNER_PROPERTIES VALUES('TARGET','LABEL_GUARANTEE','Expect More, Pay Less!  1-800-555-1212',null,null);
INSERT INTO PI.PARTNER_PROPERTIES VALUES('TARGET','HARNESS_LAST_ORDER_NUMBER','4',null,null);
INSERT INTO PI.PARTNER_PROPERTIES VALUES('TARGET','BYPASS_SCRUB','Y','[YN]{1}',null);
INSERT INTO PI.PARTNER_PROPERTIES VALUES('TARGET','BYPASS_QMS','Y','[YN]{1}',null);
INSERT INTO PI.PARTNER_PROPERTIES VALUES('TARGET','CHECK_QTY_OF_ONE','Y','[YN]{1}',null);
INSERT INTO PI.PARTNER_PROPERTIES VALUES('TARGET','BYPASS_RECALCULATE_ORDER','Y','[YN]{1}',null);
INSERT INTO PI.PARTNER_PROPERTIES VALUES('TARGET','GET_COUNTRY_BY_3_CHAR_CODE','Y','[YN]{1}',null);
INSERT INTO PI.PARTNER_PROPERTIES VALUES('TARGET','CALCULATE_DELIVERY_DATE','Y','[YN]{1}',null);
INSERT INTO PI.PARTNER_PROPERTIES VALUES('TARGET','CALCULATE_NEXT_AVAIL_DELIVERY_DATE','Y','[YN]{1}',null);
INSERT INTO PI.PARTNER_PROPERTIES VALUES('TARGET','BYPASS_COM_SHOPPING_CART','Y','[YN]{1}',null);
INSERT INTO PI.PARTNER_PROPERTIES VALUES('TARGET','CANCEL_REASON_CODE_SDS_REJECT','INVALID_SHIPTO_POSTAL_CODE',null,null);
INSERT INTO PI.PARTNER_PROPERTIES VALUES('TARGET','DTD_FILE_PARTNER_CANCEL','860X-01-001-000.dtd',null,null);
INSERT INTO PI.PARTNER_PROPERTIES VALUES('TARGET','DTD_FILE_PARTNER_CANCEL_ACK','865X-01-001-000.dtd',null,null);
INSERT INTO PI.PARTNER_PROPERTIES VALUES('TARGET','DTD_FILE_ORDER_CANCEL_NOTIFY','865X-02-001-000.dtd',null,null);
INSERT INTO PI.PARTNER_PROPERTIES VALUES('TARGET','DTD_FILE_SHIP_NOTIFY','856X-01-001-000.dtd',null,null);
INSERT INTO PI.PARTNER_PROPERTIES VALUES('TARGET','DTD_FILE_INVENTORY_NOTIFY','846X-01-001-000.dtd',null,null);
INSERT INTO PI.PARTNER_PROPERTIES VALUES('TARGET','WORKING_DIRECTORY','/tmp',null,null);
INSERT INTO PI.PARTNER_PROPERTIES VALUES('TARGET','SOURCE','403',null,null);
INSERT INTO PI.PARTNER_PROPERTIES VALUES('TARGET','FTP_LOCAL_DIRECTORY','/tmp/TARGET',null,null);
INSERT INTO PI.PARTNER_PROPERTIES VALUES('TARGET','FTP_FILE_NAME_PATTERN','*.xml',null,null);
INSERT INTO PI.PARTNER_PROPERTIES VALUES('TARGET','FTP_DELETE_REMOTE_FILE','Y','[YN]{1}',null);
INSERT INTO PI.PARTNER_PROPERTIES VALUES('TARGET','FTP_ARCHIVE_DIRECTORY','/tmp/target/archive',null,null);
INSERT INTO PI.PARTNER_PROPERTIES VALUES('TARGET','FAIL_ON_INVALID_XML','Y','[YN]{1}',null);
INSERT INTO PI.PARTNER_PROPERTIES VALUES('TARGET','DTD_FILE_ORDER','850X-01-001-000.dtd',null,null);
INSERT INTO PI.PARTNER_PROPERTIES VALUES('TARGET','FTP_REMOTE_DOWNLOAD_DIRECTORY','/outgoing/target/pickup',null,null);
INSERT INTO PI.PARTNER_PROPERTIES VALUES('TARGET','VALIDATE_INBOUND_DOCUMENTS','N','[YN]{1}',null);
INSERT INTO PI.PARTNER_PROPERTIES VALUES('TARGET','VARIANCE_WHOLESALE_CEILING','1.00',null,null);
INSERT INTO PI.PARTNER_PROPERTIES VALUES('TARGET','REPORT_SHIPMENT','Y','[YN]{1}',null);
INSERT INTO PI.PARTNER_PROPERTIES VALUES('TARGET','LABEL_ORIGIN_PHONE','8005551212',null,null);
INSERT INTO PI.PARTNER_PROPERTIES VALUES('TARGET','BYPASS_ORDER_HOLD','Y','[YN]{1}',null);
INSERT INTO PI.PARTNER_PROPERTIES VALUES('TARGET','MAX_SYSTEM_REJECTS_ON_ORDERS','3',null,null);
INSERT INTO PI.PARTNER_PROPERTIES VALUES('TARGET','MAX_VENDOR_REJECTS_ON_ORDERS','3',null,null);
INSERT INTO PI.PARTNER_PROPERTIES VALUES('TARGET','MAX_CARRIER_REJECTS_ON_ORDERS','3',null,null);
INSERT INTO PI.PARTNER_PROPERTIES VALUES('TARGET','CANCEL_REASON_CODE_VENDOR_REJECT','OUT_OF_STOCK',null,null);
INSERT INTO PI.PARTNER_PROPERTIES VALUES('TARGET','FTP_CONNECT_MODE','PASSIVE','(PASSIVE|ACTIVE)',null);
INSERT INTO PI.PARTNER_PROPERTIES VALUES('TARGET','FTP_TRANSFER_TYPE','BINARY','(BINARY|ASCII)',null);
INSERT INTO PI.PARTNER_PROPERTIES VALUES('TARGET','LAST_DOWNLOAD_ATTEMPT',SYSDATE,null,null);
INSERT INTO PI.PARTNER_PROPERTIES VALUES('TARGET','LAST_UPLOAD_ATTEMPT',SYSDATE,null,null);
INSERT INTO PI.PARTNER_PROPERTIES VALUES('TARGET','SHIP_VIA_COM_1D','COM_1D_TG',null,null);
INSERT INTO PI.PARTNER_PROPERTIES VALUES('TARGET','SHIP_VIA_COM_2D','COM_2D_TG',null,null);
INSERT INTO PI.PARTNER_PROPERTIES VALUES('TARGET','SHIP_VIA_COM_3D','COM_3D_TG',null,null);
INSERT INTO PI.PARTNER_PROPERTIES VALUES('TARGET','SHIP_VIA_COM_SA','COM_SA_TG',null,null);
INSERT INTO PI.PARTNER_PROPERTIES VALUES('TARGET','SHIP_VIA_COM_1D_AIR','COM_1D_TGA',null,null);
INSERT INTO PI.PARTNER_PROPERTIES VALUES('TARGET','SHIP_VIA_COM_2D_AIR','COM_2D_TGA',null,null);
INSERT INTO PI.PARTNER_PROPERTIES VALUES('TARGET','SHIP_VIA_COM_3D_AIR','COM_3D_TGA',null,null);
INSERT INTO PI.PARTNER_PROPERTIES VALUES('TARGET','SHIP_VIA_COM_SA_AIR','COM_SA_TGA',null,null);
INSERT INTO PI.PARTNER_PROPERTIES VALUES('TARGET','USE_PARTNER_CARRIER_ACCOUNTS','Y','[YN]{1}',null);
INSERT INTO PI.PARTNER_PROPERTIES VALUES('TARGET','QUEUE_ORDERS','N','[YN]{1}',null);
INSERT INTO PI.PARTNER_PROPERTIES VALUES('TARGET','BYPASS_CATALOG_SUBSCRIBE','Y','[YN]{1}',null);
INSERT INTO PI.PARTNER_PROPERTIES VALUES('TARGET','STOCK_EMAIL_TO_SEND','TTY',null,null);
INSERT INTO PI.PARTNER_PROPERTIES VALUES('TARGET','DTD_REGEX_PATTERN_PREFIX','<!DOCTYPE\s+document\s+SYSTEM\s+"',null,null);
INSERT INTO PI.PARTNER_PROPERTIES VALUES('TARGET','DTD_REGEX_PATTERN_SUFFIX','"',null,null);
INSERT INTO PI.PARTNER_PROPERTIES VALUES('TARGET','CANCEL_REASON_CODE_CARRIER_REJECT','INVALID_SHIPTO_POSTAL_CODE',null,null);
INSERT INTO PI.PARTNER_PROPERTIES VALUES('TARGET','DEFAULT_SDS_ERROR_RESPONSE','INCREMENT_SHIP_DATE',
'(REPROCESS|QUEUE|CANCEL_ORDER|INCREMENT_SHIP_DATE)',null);
INSERT INTO PI.PARTNER_PROPERTIES VALUES('TARGET','SEND_DELIVERY_CONFIRMATION_EMAIL','N','[YN]{1}',null);
INSERT INTO PI.PARTNER_PROPERTIES VALUES('TARGET','SEND_SHIP_CONFIRMATION_EMAIL','N','[YN]{1}',null);
commit;
insert into events.context (context_name, description, active, queue_name) values
  ('SEQUENCE-CHECK', 'Sequence Check Handler', 'Y', 'OJMS.SEQUENCE_CHECK_TRIGGER');
 
insert into events.events (event_name, context_name, description, active) values
  ('RUN-SEQUENCE-CHECK', 'SEQUENCE-CHECK', 'Run the Sequence Checker', 'Y');

INSERT INTO PI.PARTNER_PROPERTIES VALUES('TARGET','DISPOSITION_TO_MARK_BILLED','Shipped',null,
'What order disposition will cause the order to be billed during accounting EOD processing');

insert into frp.global_parms(context, name, value, created_by, created_on, updated_by, updated_on) values(
'RECROF_CONFIG', 
'RECROF_EMAIL_RECIPIENTS',
'jweiss@ftdi.com, mzita@ftdi.com' ,'JWEISS',sysdate,'JWEISS',sysdate);


insert into frp.global_parms(context, name, value, created_by, created_on, updated_by, updated_on) values(
'RECROF_CONFIG', 
'RECROF_EMAIL_SERVER',
'cluster5.us.messagelabs.com', 'JWEISS',sysdate,'JWEISS',sysdate);

--rem Defect 1809
grant select on pi.partner_properties to clean;
grant select on pi.partners to clean;



--
-- Add target UPS option to all vendors (DUP ERROR on INSERT is okay)
--
set serveroutput on size 999999
declare
   cursor vend_cursor is                                                      
      select vendor_id 
      from ftd_apps.vendor_master;

   v_cnt number := 0;                  
   v_upd_cnt number := 0;                  
BEGIN                                                                           
   dbms_output.put_line('Insert to FTD_APPS.PARTNER_SHIPPING_ACCOUNTS -- DUPS ARE OKAY'); 
   for v in vend_cursor loop                                                     
      v_cnt := v_cnt + 1;                  
      begin
         INSERT INTO FTD_APPS.PARTNER_SHIPPING_ACCOUNTS
            (VENDOR_ID, CARRIER_ID, PARTNER_ID, ACCOUNT_NUM, VALIDATION_REGEX)
         VALUES (v.vendor_id, 'UPS', 'TARGET', null, '[a-zA-Z0-9]{8}');
         v_upd_cnt := v_upd_cnt + 1;
      exception
         when others then                                                             
            dbms_output.put_line('Unexpected error during insert - vendor=' || v.vendor_id ||
                          '    MSG=' || sqlerrm);
      end;

   end loop;                                                                 

   dbms_output.put_line('Total Vendors=' || v_cnt || '    Total Updates = ' || v_upd_cnt);

EXCEPTION                                                                       
   when others then                                                             
      dbms_output.put_line('Unexpected error.  Error message is ' || sqlerrm);                     
END;
/                                                         

--
-- Add default value to FTD_APPS.DEFAULT_SHIPPING_ACCOUNTS
--
INSERT INTO FTD_APPS.DEFAULT_SHIPPING_ACCOUNTS
 (CARRIER_ID, PARTNER_ID, ACCOUNT_NUM, VALIDATION_REGEX)
VALUES ('UPS', 'TARGET', null, '[a-zA-Z0-9]{8}')
/


commit;

INSERT INTO PI.PARTNER_PROPERTIES VALUES('TARGET','ORIGINATOR','Target',null,null);

grant select on pi.order_xref to clean;

INSERT INTO PI.PARTNER_PROPERTIES VALUES('TARGET','SHIP_METHOD_DEFAULT','ND','(ND|2F|GR)',null);
UPDATE PI.PARTNER_PROPERTIES pp SET pp.PROPERTY_VALUE = 'Thanks for shopping at Target.com. We hope you are fully satisfied with your order. For any questions, comments or returns, please contact Online Guest Services at 1-800-591-3869.' WHERE pp.PARTNER_ID='TARGET' AND pp.PROPERTY_NAME='LABEL_GUARANTEE';
UPDATE PI.PARTNER_PROPERTIES pp SET pp.PROPERTY_VALUE = '1-800-591-3869' WHERE pp.PARTNER_ID='TARGET' AND pp.PROPERTY_NAME='LABEL_ORIGIN_PHONE';
UPDATE PI.PARTNER_PROPERTIES pp SET pp.VALIDATION_REGEX = '^[A-Za-z0-9._%-]+@[A-Za-z0-9.-]+\.[A-Za-z]{2,4}$' WHERE pp.PARTNER_ID='TARGET' AND pp.PROPERTY_NAME='VARIANCE_EMAIL_ADDRESS';


insert into EVENTS.EVENTS (EVENT_NAME, CONTEXT_NAME, DESCRIPTION, ACTIVE) 
     values ('LOAD-SECOND-BITE-EMAIL-DATA', 'PARTNER-REWARD', 'Creates Second Bite email unsubscribe file', 'Y');


--
-- Defect 1612 -- PRODUCTION ONLY
--
INSERT INTO frp.global_parms (context,name,value,created_by,created_on,updated_by,updated_on) 
	values ('ins_partner_reward_secondbite', 'INTERVAL', 'TRUNC(SYSDATE) + 1 + (30/1440)', 'defect 1612', SYSDATE, 'defect 1612', SYSDATE);

INSERT INTO frp.global_parms (context,name,value,created_by,created_on,updated_by,updated_on) 
	values ('ins_partner_reward_secondbite', 'REMOVER', 'events.daemon_pkg.remove(''ins_partner_reward_secondbite'')', 'defect 1612', SYSDATE, 'defect 1612', SYSDATE);

INSERT INTO frp.global_parms (context,name,value,created_by,created_on,updated_by,updated_on) 
	values ('ins_partner_reward_secondbite', 'SUBMITTER', 'events.daemon_pkg.submit(''ins_partner_reward_secondbite'',null,null)', 'defect 1612', SYSDATE, 'defect 1612', SYSDATE);

INSERT INTO frp.global_parms (context,name,value,created_by,created_on,updated_by,updated_on) 
values ('PARTNER_REWARD_CONFIG', 'SECONDBITE_OUTBOUND_SERVER', '128.121.94.53', 'defect 1612', SYSDATE, 'defect 1612', SYSDATE);


INSERT INTO FRP.SECURE_CONFIG (CONTEXT, NAME, VALUE, 
                               DESCRIPTION, CREATED_BY, CREATED_ON, UPDATED_BY, UPDATED_ON, key_name)
VALUES('partner_reward','SECONDBITE_OutboundFtpUser',global.encryption.encrypt_it('ftd','ORCL_CCNUM_2007'),
           'Outbound ftp user for Second Bite', 'defect 1612',sysdate,'defect 1612',sysdate,'ORCL_CCNUM_2007');


INSERT INTO FRP.SECURE_CONFIG (CONTEXT, NAME, VALUE, 
                               DESCRIPTION, CREATED_BY, CREATED_ON, UPDATED_BY, UPDATED_ON, key_name)
VALUES('partner_reward','SECONDBITE_OutboundFtpPswd',global.encryption.encrypt_it('S3c0ndb1t3','ORCL_CCNUM_2007'),
           'Outbound ftp password for Second Bite', 'defect 1612',sysdate,'defect 1612',sysdate,'ORCL_CCNUM_2007');
--
-- END Defect 1612 PRODUCTION ONLY
--

--BEGIN DEFECT 1809
UPDATE PI.PARTNER_PROPERTIES p SET p.PROPERTY_VALUE = 'Thanks for shopping at Target.com. We hope you are fully satisfied with your order (~~TARGET CUSTOMER ORDER NUMBER GOES HERE~~). For any questions, comments or returns, please contact Online Guest Services at 1-800-591-3869.' WHERE p.PARTNER_ID='TARGET' AND p.PROPERTY_NAME = 'LABEL_GUARANTEE';
INSERT INTO PI.PARTNER_PROPERTIES VALUES('TARGET','LABEL_GUARANTEE_HAS_PARTNER_CUST_ORDER_NUMBER','Y','[YN]{1}',null);
INSERT INTO PI.PARTNER_PROPERTIES VALUES('TARGET','LABEL_GUARANTEE_CUST_ORDER_NUMBER_REPLACE_TOKEN','~~TARGET CUSTOMER ORDER NUMBER GOES HERE~~',null,null);
--END DEFECT 1809

insert into aas.acl (acl_name, created_on, updated_on, updated_by) values
('Occasion_Maint_AddUpdate',sysdate,sysdate,'alakhani');

insert into aas.acl (acl_name, created_on, updated_on, updated_by) values
('Occasion_Maint_Update',sysdate,sysdate,'alakhani');

insert into aas.resources (resource_id,context_id,description,created_on,updated_on,updated_by) values
('Occasion_Maint','Order Proc','Occasion Maintenance',sysdate,sysdate,'alakhani');

insert into aas.role (role_id, role_name, context_id, description, created_on, updated_on, updated_by) values
(200056,'Occasion_Maint_AddUpdate','Order Proc','Occasion Maintenance Add Update',sysdate,sysdate,'alakhani');

insert into aas.role (role_id, role_name, context_id, description, created_on, updated_on, updated_by) values
(200061,'Occasion_Maint_Update','Order Proc','Occasion Maintenance Update',sysdate,sysdate,'alakhani');

insert into aas.rel_acl_rp (acl_name, resource_id, context_id, permission_id, created_on, updated_on, updated_by) values
('Occasion_Maint_AddUpdate','Occasion_Maint','Order Proc','Add',sysdate,sysdate,'alakhani');

insert into aas.rel_acl_rp (acl_name, resource_id, context_id, permission_id, created_on, updated_on, updated_by) values
('Occasion_Maint_AddUpdate','Occasion_Maint','Order Proc','Update',sysdate,sysdate,'alakhani');

insert into aas.rel_acl_rp (acl_name, resource_id, context_id, permission_id, created_on, updated_on, updated_by) values
('Occasion_Maint_Update','Occasion_Maint','Order Proc','Update',sysdate,sysdate,'alakhani');

insert into aas.rel_role_acl (role_id,acl_name,created_on,updated_on,updated_by) values
(200056,'Occasion_Maint_AddUpdate',sysdate,sysdate,'alakhani');

insert into aas.rel_role_acl (role_id,acl_name,created_on,updated_on,updated_by) values
(200061,'Occasion_Maint_Update',sysdate,sysdate,'alakhani');

-- defect 1809
INSERT INTO PI.PARTNER_PROPERTIES VALUES('TARGET','SHIP_METHOD_RETURN_2','EXT_UPS_2ND_DAY',
'(EXT_UPS_GROUND|EXT_UPS_BASIC|EXT_UPS_3_DAY|EXT_UPS_2ND_DAY|EXT_UPS_NEXT_DAY)',null);
INSERT INTO PI.PARTNER_PROPERTIES VALUES('TARGET','SHIP_METHOD_RETURN_3','EXT_UPS_GROUND',
'(EXT_UPS_GROUND|EXT_UPS_BASIC|EXT_UPS_3_DAY|EXT_UPS_2ND_DAY|EXT_UPS_NEXT_DAY)',null);
INSERT INTO PI.PARTNER_PROPERTIES VALUES('TARGET','SHIP_METHOD_RETURN_DEFAULT','EXT_UPS_NEXT_DAY',
'(EXT_UPS_GROUND|EXT_UPS_BASIC|EXT_UPS_3_DAY|EXT_UPS_2ND_DAY|EXT_UPS_NEXT_DAY)',null);
INSERT INTO PI.PARTNER_PROPERTIES VALUES('TARGET','SHIP_METHOD_RETURN_F','EXT_UPS_GROUND',
'(EXT_UPS_GROUND|EXT_UPS_BASIC|EXT_UPS_3_DAY|EXT_UPS_2ND_DAY|EXT_UPS_NEXT_DAY)',null);
INSERT INTO PI.PARTNER_PROPERTIES VALUES('TARGET','SHIP_METHOD_RETURN_N','EXT_UPS_NEXT_DAY',
'(EXT_UPS_GROUND|EXT_UPS_BASIC|EXT_UPS_3_DAY|EXT_UPS_2ND_DAY|EXT_UPS_NEXT_DAY)',null);
INSERT INTO PI.PARTNER_PROPERTIES VALUES('TARGET','SHIP_METHOD_RETURN_O','EXT_UPS_NEXT_DAY',
'(EXT_UPS_GROUND|EXT_UPS_BASIC|EXT_UPS_3_DAY|EXT_UPS_2ND_DAY|EXT_UPS_NEXT_DAY)',null);

---- END FIX 2.5.0 RELEASE SCRIPT -------------------

--Defect 1809--
UPDATE PI.PARTNER_PROPERTIES p set p.PROPERTY_VALUE = 'UPSG' WHERE p.PROPERTY_VALUE = 'EXT_UPS_GROUND';
UPDATE PI.PARTNER_PROPERTIES p set p.PROPERTY_VALUE = 'UPS1' WHERE p.PROPERTY_VALUE = 'EXT_UPS_NEXT_DAY';
UPDATE PI.PARTNER_PROPERTIES p set p.PROPERTY_VALUE = 'UPS2' WHERE p.PROPERTY_VALUE = 'EXT_UPS_2ND_DAY';
UPDATE PI.PARTNER_PROPERTIES p set p.PROPERTY_VALUE = 'UPSG' WHERE p.PROPERTY_NAME = 'SHIP_METHOD_RETURN_N';
UPDATE PI.PARTNER_PROPERTIES p set p.PROPERTY_VALUE='GR' WHERE p.PROPERTY_NAME = 'SHIP_METHOD_N'; 

insert into frp.global_parms (context,name, value, created_on, created_by, updated_on, updated_by) values 
('ORDER_PROCESSING','VENUS_BATCH_MAX_SIZE_00135','500',sysdate,'SYS',sysdate,'SYS');

insert into frp.global_parms (context,name, value, created_on, created_by, updated_on, updated_by) values 
('PARTNER_REWARD','QUIXTAR_MAX_FILE_SIZE','2',sysdate,'tschmig',sysdate,'tschmig');

INSERT INTO QUARTZ_SCHEMA.PIPELINE VALUES('GET_DOCUMENTS','PI','Get Partner Documents','Put the partner ID in the payload','1800',null,'N','OJMS.PI_GET_DOCUMENT','SimpleJmsJob','Y');
INSERT INTO QUARTZ_SCHEMA.PIPELINE VALUES('SPLIT_DOCUMENT','PI','Split a partner document into individual messages','Put the inbound document id into the payload',null,null,'N','OJMS.PI_SPLIT_DOCUMENT','SimpleJmsJob','Y');
INSERT INTO QUARTZ_SCHEMA.PIPELINE VALUES('BUILD_DOCUMENT','PI','Build an outgoing document','Put the partner id and the document id or document type in the payload',null,null,'N','OJMS.PI_BUILD_DOCUMENT','SimpleJmsJob','Y');
INSERT INTO QUARTZ_SCHEMA.PIPELINE VALUES('SQL','PI','SQL monitoring jobs','Jobs that run sql commands and return results',null,null,'N',null,'SQLJob','Y');
INSERT INTO QUARTZ_SCHEMA.PIPELINE VALUES('SEND_DOCUMENTS','PI','Send documents to partner','Put partner id and message type in the payload',null,null,'N','OJMS.PI_SEND_DOCUMENT','SimpleJmsJob','Y');
INSERT INTO QUARTZ_SCHEMA.PIPELINE VALUES('Map partner message','PI','Map a partner message to FTD format','Put the INBOUND_MESSAGE_ID in the payload',null,null,'N','OJMS.PI_MAP_MESSAGE','SimpleJmsJob','Y');
